{
"meta":{"test_sets":[],"test_metrics":[],"learn_metrics":[{"best_value":"Min","name":"Logloss"}],"launch_mode":"Train","parameters":"","iteration_count":1000,"learn_sets":["learn"],"name":"experiment"},
"iterations":[
{"learn":[0.6890791214],"iteration":0,"passed_time":0.02023077957,"remaining_time":20.21054879},
{"learn":[0.6852287876],"iteration":1,"passed_time":0.03824140198,"remaining_time":19.08245959},
{"learn":[0.6819765065],"iteration":2,"passed_time":0.05604432072,"remaining_time":18.62539592},
{"learn":[0.6783031804],"iteration":3,"passed_time":0.07338728497,"remaining_time":18.27343396},
{"learn":[0.6748633134],"iteration":4,"passed_time":0.08570285447,"remaining_time":17.05486804},
{"learn":[0.6713849554],"iteration":5,"passed_time":0.09345642806,"remaining_time":15.48261492},
{"learn":[0.6682838217],"iteration":6,"passed_time":0.1002828984,"remaining_time":14.22584544},
{"learn":[0.6650722366],"iteration":7,"passed_time":0.1066635567,"remaining_time":13.22628103},
{"learn":[0.6615405592],"iteration":8,"passed_time":0.112902648,"remaining_time":12.43183601},
{"learn":[0.6582423228],"iteration":9,"passed_time":0.1185315783,"remaining_time":11.73462626},
{"learn":[0.6552179793],"iteration":10,"passed_time":0.1238958238,"remaining_time":11.13936088},
{"learn":[0.6520687205],"iteration":11,"passed_time":0.1297386876,"remaining_time":10.68181861},
{"learn":[0.6493957072],"iteration":12,"passed_time":0.1351148121,"remaining_time":10.25833227},
{"learn":[0.6466080971],"iteration":13,"passed_time":0.1403430702,"remaining_time":9.884161943},
{"learn":[0.6440810763],"iteration":14,"passed_time":0.1452167186,"remaining_time":9.535897858},
{"learn":[0.641382677],"iteration":15,"passed_time":0.150470299,"remaining_time":9.253923389},
{"learn":[0.639137232],"iteration":16,"passed_time":0.1560177879,"remaining_time":9.021499149},
{"learn":[0.6371385244],"iteration":17,"passed_time":0.1613733452,"remaining_time":8.803812501},
{"learn":[0.6348273817],"iteration":18,"passed_time":0.1681985629,"remaining_time":8.684357377},
{"learn":[0.6326565418],"iteration":19,"passed_time":0.1733555252,"remaining_time":8.494420736},
{"learn":[0.6306705235],"iteration":20,"passed_time":0.1787713697,"remaining_time":8.334150995},
{"learn":[0.6284723191],"iteration":21,"passed_time":0.1839231463,"remaining_time":8.176219868},
{"learn":[0.626327897],"iteration":22,"passed_time":0.1901742057,"remaining_time":8.078269522},
{"learn":[0.6239991868],"iteration":23,"passed_time":0.1958865358,"remaining_time":7.966052455},
{"learn":[0.6222044524],"iteration":24,"passed_time":0.2015879459,"remaining_time":7.86192989},
{"learn":[0.6204025371],"iteration":25,"passed_time":0.2068485856,"remaining_time":7.748866246},
{"learn":[0.6185930295],"iteration":26,"passed_time":0.2121545163,"remaining_time":7.64542016},
{"learn":[0.6163534624],"iteration":27,"passed_time":0.2179926875,"remaining_time":7.567460436},
{"learn":[0.6143392468],"iteration":28,"passed_time":0.2239016576,"remaining_time":7.496845156},
{"learn":[0.6129262576],"iteration":29,"passed_time":0.2303438965,"remaining_time":7.447785987},
{"learn":[0.6111204622],"iteration":30,"passed_time":0.236353645,"remaining_time":7.387957485},
{"learn":[0.6094301496],"iteration":31,"passed_time":0.2531107336,"remaining_time":7.656599693},
{"learn":[0.607724256],"iteration":32,"passed_time":0.2644673134,"remaining_time":7.7496937},
{"learn":[0.6058301186],"iteration":33,"passed_time":0.2717954052,"remaining_time":7.7221871},
{"learn":[0.6039642259],"iteration":34,"passed_time":0.2822039839,"remaining_time":7.780766985},
{"learn":[0.6022140835],"iteration":35,"passed_time":0.2890453221,"remaining_time":7.739991404},
{"learn":[0.6009897726],"iteration":36,"passed_time":0.2947183716,"remaining_time":7.670643022},
{"learn":[0.5995742204],"iteration":37,"passed_time":0.3007385373,"remaining_time":7.613433497},
{"learn":[0.598238687],"iteration":38,"passed_time":0.3076263167,"remaining_time":7.580227959},
{"learn":[0.597001916],"iteration":39,"passed_time":0.3147493801,"remaining_time":7.553985123},
{"learn":[0.5956805684],"iteration":40,"passed_time":0.3210557213,"remaining_time":7.509571627},
{"learn":[0.5944427719],"iteration":41,"passed_time":0.3279987354,"remaining_time":7.481494964},
{"learn":[0.5930176707],"iteration":42,"passed_time":0.3336146165,"remaining_time":7.424864837},
{"learn":[0.5916770877],"iteration":43,"passed_time":0.3387318202,"remaining_time":7.359718638},
{"learn":[0.5896363308],"iteration":44,"passed_time":0.3445078294,"remaining_time":7.311221712},
{"learn":[0.5885243016],"iteration":45,"passed_time":0.3509644244,"remaining_time":7.278696975},
{"learn":[0.587303675],"iteration":46,"passed_time":0.3592703509,"remaining_time":7.284779668},
{"learn":[0.5864437409],"iteration":47,"passed_time":0.3658605103,"remaining_time":7.256233454},
{"learn":[0.5849952724],"iteration":48,"passed_time":0.3717939277,"remaining_time":7.215837249},
{"learn":[0.5836478733],"iteration":49,"passed_time":0.3774727704,"remaining_time":7.171982638},
{"learn":[0.5824084101],"iteration":50,"passed_time":0.3828262088,"remaining_time":7.123570042},
{"learn":[0.5809281775],"iteration":51,"passed_time":0.3888628154,"remaining_time":7.089268251},
{"learn":[0.5795358069],"iteration":52,"passed_time":0.3953605098,"remaining_time":7.06427175},
{"learn":[0.5783052987],"iteration":53,"passed_time":0.4011852652,"remaining_time":7.028171498},
{"learn":[0.5769427846],"iteration":54,"passed_time":0.4067305486,"remaining_time":6.988370335},
{"learn":[0.5757783621],"iteration":55,"passed_time":0.4134436086,"remaining_time":6.969477973},
{"learn":[0.5749784733],"iteration":56,"passed_time":0.4187969753,"remaining_time":6.928518381},
{"learn":[0.5739902291],"iteration":57,"passed_time":0.4245940668,"remaining_time":6.895993292},
{"learn":[0.5732074373],"iteration":58,"passed_time":0.430344922,"remaining_time":6.863636807},
{"learn":[0.5715707467],"iteration":59,"passed_time":0.4358236881,"remaining_time":6.827904447},
{"learn":[0.5706235873],"iteration":60,"passed_time":0.4424116756,"remaining_time":6.810238745},
{"learn":[0.5695638967],"iteration":61,"passed_time":0.448018872,"remaining_time":6.778091967},
{"learn":[0.5685066873],"iteration":62,"passed_time":0.4540281033,"remaining_time":6.752767187},
{"learn":[0.5675532849],"iteration":63,"passed_time":0.4595375239,"remaining_time":6.720736287},
{"learn":[0.566012139],"iteration":64,"passed_time":0.4642562317,"remaining_time":6.678147332},
{"learn":[0.5645688803],"iteration":65,"passed_time":0.4688686642,"remaining_time":6.635202006},
{"learn":[0.5636571506],"iteration":66,"passed_time":0.4763191381,"remaining_time":6.632921728},
{"learn":[0.5621719498],"iteration":67,"passed_time":0.4817900989,"remaining_time":6.603358414},
{"learn":[0.5612796123],"iteration":68,"passed_time":0.48707198,"remaining_time":6.571942223},
{"learn":[0.5601017396],"iteration":69,"passed_time":0.4922673505,"remaining_time":6.540123371},
{"learn":[0.5592141166],"iteration":70,"passed_time":0.4967633451,"remaining_time":6.499903487},
{"learn":[0.5583687864],"iteration":71,"passed_time":0.501442669,"remaining_time":6.463038844},
{"learn":[0.5574409042],"iteration":72,"passed_time":0.5072582836,"remaining_time":6.441485328},
{"learn":[0.5565777566],"iteration":73,"passed_time":0.512117783,"remaining_time":6.408392798},
{"learn":[0.5556814588],"iteration":74,"passed_time":0.5164678998,"remaining_time":6.369770764},
{"learn":[0.554885306],"iteration":75,"passed_time":0.5214638537,"remaining_time":6.339902643},
{"learn":[0.5536628082],"iteration":76,"passed_time":0.5264775674,"remaining_time":6.310893438},
{"learn":[0.5526950489],"iteration":77,"passed_time":0.5311581336,"remaining_time":6.278561528},
{"learn":[0.5520160438],"iteration":78,"passed_time":0.5359484403,"remaining_time":6.248209032},
{"learn":[0.5508195919],"iteration":79,"passed_time":0.5405598942,"remaining_time":6.216438784},
{"learn":[0.550095261],"iteration":80,"passed_time":0.5446967269,"remaining_time":6.179954222},
{"learn":[0.5493246309],"iteration":81,"passed_time":0.5487686684,"remaining_time":6.143532166},
{"learn":[0.5482530534],"iteration":82,"passed_time":0.5538403925,"remaining_time":6.118935421},
{"learn":[0.5466995969],"iteration":83,"passed_time":0.5583455329,"remaining_time":6.088625097},
{"learn":[0.5457250215],"iteration":84,"passed_time":0.5625212909,"remaining_time":6.05537625},
{"learn":[0.5448512931],"iteration":85,"passed_time":0.5673326,"remaining_time":6.029558097},
{"learn":[0.5440167223],"iteration":86,"passed_time":0.5725065226,"remaining_time":6.00802822},
{"learn":[0.5431498383],"iteration":87,"passed_time":0.5775732387,"remaining_time":5.98575902},
{"learn":[0.5425253326],"iteration":88,"passed_time":0.5818732779,"remaining_time":5.956028721},
{"learn":[0.5420523575],"iteration":89,"passed_time":0.5867504183,"remaining_time":5.932698674},
{"learn":[0.5414951655],"iteration":90,"passed_time":0.5914959151,"remaining_time":5.908459196},
{"learn":[0.5406614052],"iteration":91,"passed_time":0.595508131,"remaining_time":5.877406336},
{"learn":[0.5397870792],"iteration":92,"passed_time":0.6003625042,"remaining_time":5.855148293},
{"learn":[0.538390561],"iteration":93,"passed_time":0.6048283348,"remaining_time":5.829515652},
{"learn":[0.5372418218],"iteration":94,"passed_time":0.6091650396,"remaining_time":5.803098535},
{"learn":[0.5364655691],"iteration":95,"passed_time":0.6134502271,"remaining_time":5.776656305},
{"learn":[0.5357919976],"iteration":96,"passed_time":0.6188431647,"remaining_time":5.760983276},
{"learn":[0.5348455961],"iteration":97,"passed_time":0.6233932687,"remaining_time":5.737762534},
{"learn":[0.5336793194],"iteration":98,"passed_time":0.6278435039,"remaining_time":5.71401007},
{"learn":[0.5328453004],"iteration":99,"passed_time":0.6322295838,"remaining_time":5.690066254},
{"learn":[0.5320311769],"iteration":100,"passed_time":0.6363113238,"remaining_time":5.663800793},
{"learn":[0.5310909122],"iteration":101,"passed_time":0.6411380567,"remaining_time":5.644529166},
{"learn":[0.530502507],"iteration":102,"passed_time":0.6454746816,"remaining_time":5.6212698},
{"learn":[0.5294173975],"iteration":103,"passed_time":0.6498319024,"remaining_time":5.598551774},
{"learn":[0.5284368446],"iteration":104,"passed_time":0.6539888628,"remaining_time":5.574476497},
{"learn":[0.5276452042],"iteration":105,"passed_time":0.6583555184,"remaining_time":5.552545599},
{"learn":[0.5267412715],"iteration":106,"passed_time":0.6623697478,"remaining_time":5.528001727},
{"learn":[0.5260613697],"iteration":107,"passed_time":0.6683158538,"remaining_time":5.519793904},
{"learn":[0.5256732038],"iteration":108,"passed_time":0.6727191676,"remaining_time":5.499016315},
{"learn":[0.5251165047],"iteration":109,"passed_time":0.6766855557,"remaining_time":5.475001314},
{"learn":[0.5245461743],"iteration":110,"passed_time":0.6816325614,"remaining_time":5.459201325},
{"learn":[0.5237443951],"iteration":111,"passed_time":0.6863215245,"remaining_time":5.44154923},
{"learn":[0.5230419906],"iteration":112,"passed_time":0.6903935503,"remaining_time":5.419283886},
{"learn":[0.522510825],"iteration":113,"passed_time":0.6951187106,"remaining_time":5.402413839},
{"learn":[0.5212528865],"iteration":114,"passed_time":0.7000792953,"remaining_time":5.387566751},
{"learn":[0.52079106],"iteration":115,"passed_time":0.7044266714,"remaining_time":5.368217048},
{"learn":[0.5202756675],"iteration":116,"passed_time":0.7086500175,"remaining_time":5.348187739},
{"learn":[0.519545183],"iteration":117,"passed_time":0.7134379417,"remaining_time":5.33264631},
{"learn":[0.5186488982],"iteration":118,"passed_time":0.7183894218,"remaining_time":5.318496476},
{"learn":[0.5175085822],"iteration":119,"passed_time":0.7287038271,"remaining_time":5.343828066},
{"learn":[0.5162824248],"iteration":120,"passed_time":0.7340982428,"remaining_time":5.332829383},
{"learn":[0.5156927818],"iteration":121,"passed_time":0.7380658969,"remaining_time":5.311654569},
{"learn":[0.5148803411],"iteration":122,"passed_time":0.7420798277,"remaining_time":5.291089503},
{"learn":[0.5140077412],"iteration":123,"passed_time":0.7461893599,"remaining_time":5.271466769},
{"learn":[0.5135498318],"iteration":124,"passed_time":0.7501010981,"remaining_time":5.250707687},
{"learn":[0.512988622],"iteration":125,"passed_time":0.7540078712,"remaining_time":5.230181583},
{"learn":[0.5118876211],"iteration":126,"passed_time":0.7580811197,"remaining_time":5.211061555},
{"learn":[0.5110369493],"iteration":127,"passed_time":0.7626042581,"remaining_time":5.195241508},
{"learn":[0.5103141738],"iteration":128,"passed_time":0.7668757258,"remaining_time":5.177897342},
{"learn":[0.5096882479],"iteration":129,"passed_time":0.7709578789,"remaining_time":5.159487343},
{"learn":[0.5091456719],"iteration":130,"passed_time":0.7749305963,"remaining_time":5.140570139},
{"learn":[0.5076789325],"iteration":131,"passed_time":0.7792544381,"remaining_time":5.124188275},
{"learn":[0.5069850735],"iteration":132,"passed_time":0.783938136,"remaining_time":5.110333563},
{"learn":[0.5063470003],"iteration":133,"passed_time":0.7885057724,"remaining_time":5.095865663},
{"learn":[0.5057739501],"iteration":134,"passed_time":0.792624176,"remaining_time":5.078666016},
{"learn":[0.5051509548],"iteration":135,"passed_time":0.7972536329,"remaining_time":5.064905433},
{"learn":[0.5045030741],"iteration":136,"passed_time":0.8015623727,"remaining_time":5.049257866},
{"learn":[0.5034923258],"iteration":137,"passed_time":0.8056112875,"remaining_time":5.032151666},
{"learn":[0.5029296912],"iteration":138,"passed_time":0.8102580936,"remaining_time":5.018936825},
{"learn":[0.5022522657],"iteration":139,"passed_time":0.8145278139,"remaining_time":5.003528},
{"learn":[0.5014572121],"iteration":140,"passed_time":0.8186206425,"remaining_time":4.987199517},
{"learn":[0.5010482001],"iteration":141,"passed_time":0.8223701465,"remaining_time":4.968968913},
{"learn":[0.5003297783],"iteration":142,"passed_time":0.8267793357,"remaining_time":4.95489434},
{"learn":[0.500007275],"iteration":143,"passed_time":0.8317683585,"remaining_time":4.944400798},
{"learn":[0.49951827],"iteration":144,"passed_time":0.8357391969,"remaining_time":4.927979402},
{"learn":[0.4985082462],"iteration":145,"passed_time":0.8397863185,"remaining_time":4.912174767},
{"learn":[0.4974119249],"iteration":146,"passed_time":0.8441867837,"remaining_time":4.898580452},
{"learn":[0.4967017307],"iteration":147,"passed_time":0.8484599639,"remaining_time":4.88437763},
{"learn":[0.4958585359],"iteration":148,"passed_time":0.8522899249,"remaining_time":4.867776685},
{"learn":[0.4954432999],"iteration":149,"passed_time":0.8562202545,"remaining_time":4.851914775},
{"learn":[0.4950220807],"iteration":150,"passed_time":0.860598042,"remaining_time":4.838726739},
{"learn":[0.4945522287],"iteration":151,"passed_time":0.864893301,"remaining_time":4.825194206},
{"learn":[0.4943126114],"iteration":152,"passed_time":0.8688956693,"remaining_time":4.810160993},
{"learn":[0.4936350562],"iteration":153,"passed_time":0.8730002828,"remaining_time":4.795832722},
{"learn":[0.4924152849],"iteration":154,"passed_time":0.8777954741,"remaining_time":4.785401133},
{"learn":[0.491642237],"iteration":155,"passed_time":0.8822516729,"remaining_time":4.773207769},
{"learn":[0.4909417997],"iteration":156,"passed_time":0.8864159159,"remaining_time":4.759545332},
{"learn":[0.490447378],"iteration":157,"passed_time":0.8911073208,"remaining_time":4.748812431},
{"learn":[0.4899347068],"iteration":158,"passed_time":0.8953354849,"remaining_time":4.735705301},
{"learn":[0.4892515402],"iteration":159,"passed_time":0.8993350788,"remaining_time":4.721509164},
{"learn":[0.4888014828],"iteration":160,"passed_time":0.903450157,"remaining_time":4.708041501},
{"learn":[0.4875899528],"iteration":161,"passed_time":0.9082557335,"remaining_time":4.69826114},
{"learn":[0.4871533458],"iteration":162,"passed_time":0.91286447,"remaining_time":4.687531052},
{"learn":[0.4863862612],"iteration":163,"passed_time":0.9168417859,"remaining_time":4.673656909},
{"learn":[0.4858189825],"iteration":164,"passed_time":0.9208670386,"remaining_time":4.660145316},
{"learn":[0.4851175845],"iteration":165,"passed_time":0.9262285308,"remaining_time":4.653461414},
{"learn":[0.4846097795],"iteration":166,"passed_time":0.930519118,"remaining_time":4.641451649},
{"learn":[0.4840188829],"iteration":167,"passed_time":0.9345077424,"remaining_time":4.628038344},
{"learn":[0.4836162656],"iteration":168,"passed_time":0.9391422264,"remaining_time":4.617912368},
{"learn":[0.4830064829],"iteration":169,"passed_time":0.9441388962,"remaining_time":4.609619317},
{"learn":[0.4825707647],"iteration":170,"passed_time":0.948298751,"remaining_time":4.59730798},
{"learn":[0.4818555492],"iteration":171,"passed_time":0.9524557997,"remaining_time":4.58507792},
{"learn":[0.4812868709],"iteration":172,"passed_time":0.9574027321,"remaining_time":4.576717107},
{"learn":[0.4807329402],"iteration":173,"passed_time":0.9614953124,"remaining_time":4.564339817},
{"learn":[0.480396673],"iteration":174,"passed_time":0.9654224212,"remaining_time":4.551277128},
{"learn":[0.4798630959],"iteration":175,"passed_time":0.9699693259,"remaining_time":4.541220026},
{"learn":[0.4795331135],"iteration":176,"passed_time":0.9743353652,"remaining_time":4.530384212},
{"learn":[0.4790737967],"iteration":177,"passed_time":0.9782999917,"remaining_time":4.517767377},
{"learn":[0.4784800473],"iteration":178,"passed_time":0.9823949067,"remaining_time":4.505844795},
{"learn":[0.4780428336],"iteration":179,"passed_time":0.9868899409,"remaining_time":4.495831953},
{"learn":[0.4775575938],"iteration":180,"passed_time":0.9911072534,"remaining_time":4.484623428},
{"learn":[0.4769791741],"iteration":181,"passed_time":0.9951656027,"remaining_time":4.472777269},
{"learn":[0.4760658519],"iteration":182,"passed_time":0.9997666456,"remaining_time":4.463439068},
{"learn":[0.4758084898],"iteration":183,"passed_time":1.004668753,"remaining_time":4.455487512},
{"learn":[0.4754558449],"iteration":184,"passed_time":1.00891406,"remaining_time":4.444675453},
{"learn":[0.4748769396],"iteration":185,"passed_time":1.013815767,"remaining_time":4.436806638},
{"learn":[0.4742483123],"iteration":186,"passed_time":1.019359893,"remaining_time":4.43176253},
{"learn":[0.4738270219],"iteration":187,"passed_time":1.024653238,"remaining_time":4.425629943},
{"learn":[0.4733953463],"iteration":188,"passed_time":1.029069116,"remaining_time":4.415741023},
{"learn":[0.4728741562],"iteration":189,"passed_time":1.034941369,"remaining_time":4.412118466},
{"learn":[0.472213468],"iteration":190,"passed_time":1.040555549,"remaining_time":4.407379264},
{"learn":[0.4717052285],"iteration":191,"passed_time":1.046334164,"remaining_time":4.403322942},
{"learn":[0.4712729898],"iteration":192,"passed_time":1.052090296,"remaining_time":4.39915476},
{"learn":[0.4704589141],"iteration":193,"passed_time":1.057857957,"remaining_time":4.39501811},
{"learn":[0.4699528771],"iteration":194,"passed_time":1.062687518,"remaining_time":4.386992063},
{"learn":[0.4690964201],"iteration":195,"passed_time":1.067101883,"remaining_time":4.377295481},
{"learn":[0.4686696394],"iteration":196,"passed_time":1.071395194,"remaining_time":4.367159091},
{"learn":[0.4676299214],"iteration":197,"passed_time":1.075620923,"remaining_time":4.356807982},
{"learn":[0.4672254286],"iteration":198,"passed_time":1.079557643,"remaining_time":4.345355136},
{"learn":[0.466797092],"iteration":199,"passed_time":1.083990381,"remaining_time":4.335961525},
{"learn":[0.4664410976],"iteration":200,"passed_time":1.088020987,"remaining_time":4.325018749},
{"learn":[0.4658050523],"iteration":201,"passed_time":1.092168398,"remaining_time":4.31460585},
{"learn":[0.4650109354],"iteration":202,"passed_time":1.096101993,"remaining_time":4.303415216},
{"learn":[0.4645226926],"iteration":203,"passed_time":1.100538361,"remaining_time":4.294257525},
{"learn":[0.463991697],"iteration":204,"passed_time":1.105395016,"remaining_time":4.286775794},
{"learn":[0.4635116931],"iteration":205,"passed_time":1.109704195,"remaining_time":4.277209373},
{"learn":[0.462937921],"iteration":206,"passed_time":1.113919724,"remaining_time":4.267334983},
{"learn":[0.4624962261],"iteration":207,"passed_time":1.119199613,"remaining_time":4.261567756},
{"learn":[0.4621695237],"iteration":208,"passed_time":1.124216554,"remaining_time":4.254810018},
{"learn":[0.4613827995],"iteration":209,"passed_time":1.128536638,"remaining_time":4.245447351},
{"learn":[0.4609395534],"iteration":210,"passed_time":1.133686085,"remaining_time":4.239233751},
{"learn":[0.4605986728],"iteration":211,"passed_time":1.137945592,"remaining_time":4.229722293},
{"learn":[0.460195482],"iteration":212,"passed_time":1.142017083,"remaining_time":4.219565465},
{"learn":[0.4599163797],"iteration":213,"passed_time":1.146296832,"remaining_time":4.210230419},
{"learn":[0.4594279947],"iteration":214,"passed_time":1.15147314,"remaining_time":4.204215885},
{"learn":[0.4588412653],"iteration":215,"passed_time":1.155633305,"remaining_time":4.194520884},
{"learn":[0.4582999505],"iteration":216,"passed_time":1.159639352,"remaining_time":4.184320797},
{"learn":[0.4574433884],"iteration":217,"passed_time":1.164849911,"remaining_time":4.178498305},
{"learn":[0.4568464597],"iteration":218,"passed_time":1.169061576,"remaining_time":4.169119138},
{"learn":[0.4566166875],"iteration":219,"passed_time":1.173052511,"remaining_time":4.159004355},
{"learn":[0.455981854],"iteration":220,"passed_time":1.177642389,"remaining_time":4.151056202},
{"learn":[0.4552646529],"iteration":221,"passed_time":1.182798902,"remaining_time":4.14512408},
{"learn":[0.454872114],"iteration":222,"passed_time":1.186989874,"remaining_time":4.135834675},
{"learn":[0.4545049762],"iteration":223,"passed_time":1.191233713,"remaining_time":4.126773934},
{"learn":[0.454196308],"iteration":224,"passed_time":1.196550859,"remaining_time":4.121452958},
{"learn":[0.4536585828],"iteration":225,"passed_time":1.201944814,"remaining_time":4.116395071},
{"learn":[0.4528428049],"iteration":226,"passed_time":1.206552714,"remaining_time":4.108657478},
{"learn":[0.4523289527],"iteration":227,"passed_time":1.221898699,"remaining_time":4.137306121},
{"learn":[0.4520614025],"iteration":228,"passed_time":1.231258472,"remaining_time":4.145416078},
{"learn":[0.4515201693],"iteration":229,"passed_time":1.240026263,"remaining_time":4.151392272},
{"learn":[0.4509579192],"iteration":230,"passed_time":1.249470697,"remaining_time":4.159493359},
{"learn":[0.450778505],"iteration":231,"passed_time":1.255989934,"remaining_time":4.157759781},
{"learn":[0.4499808288],"iteration":232,"passed_time":1.265181991,"remaining_time":4.164783637},
{"learn":[0.4496070784],"iteration":233,"passed_time":1.272866186,"remaining_time":4.1667329},
{"learn":[0.4491038258],"iteration":234,"passed_time":1.278383077,"remaining_time":4.161544911},
{"learn":[0.448310425],"iteration":235,"passed_time":1.283652767,"remaining_time":4.155553873},
{"learn":[0.4478895831],"iteration":236,"passed_time":1.289294112,"remaining_time":4.150765432},
{"learn":[0.4476996701],"iteration":237,"passed_time":1.295070735,"remaining_time":4.14640294},
{"learn":[0.4472287274],"iteration":238,"passed_time":1.300717942,"remaining_time":4.141616545},
{"learn":[0.4470078255],"iteration":239,"passed_time":1.305760361,"remaining_time":4.134907809},
{"learn":[0.4465117417],"iteration":240,"passed_time":1.312765791,"remaining_time":4.134395167},
{"learn":[0.4461730189],"iteration":241,"passed_time":1.318575719,"remaining_time":4.130084278},
{"learn":[0.4458104928],"iteration":242,"passed_time":1.323843029,"remaining_time":4.124070672},
{"learn":[0.4455352236],"iteration":243,"passed_time":1.329157313,"remaining_time":4.118208722},
{"learn":[0.4451331573],"iteration":244,"passed_time":1.334279587,"remaining_time":4.111759542},
{"learn":[0.4449486547],"iteration":245,"passed_time":1.339072801,"remaining_time":4.104312569},
{"learn":[0.4443311696],"iteration":246,"passed_time":1.344080142,"remaining_time":4.097539865},
{"learn":[0.4440727666],"iteration":247,"passed_time":1.349654042,"remaining_time":4.092499353},
{"learn":[0.4436519636],"iteration":248,"passed_time":1.354884823,"remaining_time":4.086419688},
{"learn":[0.4433604892],"iteration":249,"passed_time":1.360420273,"remaining_time":4.081260819},
{"learn":[0.4431621878],"iteration":250,"passed_time":1.36542336,"remaining_time":4.074510346},
{"learn":[0.4425177888],"iteration":251,"passed_time":1.370365864,"remaining_time":4.067593914},
{"learn":[0.4418996564],"iteration":252,"passed_time":1.375717772,"remaining_time":4.061901881},
{"learn":[0.4416777611],"iteration":253,"passed_time":1.380762913,"remaining_time":4.055311548},
{"learn":[0.4409654765],"iteration":254,"passed_time":1.385709685,"remaining_time":4.048445942},
{"learn":[0.4407783294],"iteration":255,"passed_time":1.391340497,"remaining_time":4.04358332},
{"learn":[0.4403354453],"iteration":256,"passed_time":1.396735214,"remaining_time":4.038032156},
{"learn":[0.4400027944],"iteration":257,"passed_time":1.401959868,"remaining_time":4.03199311},
{"learn":[0.4397093009],"iteration":258,"passed_time":1.408714935,"remaining_time":4.030338869},
{"learn":[0.4390655817],"iteration":259,"passed_time":1.414720136,"remaining_time":4.026511157},
{"learn":[0.4384006037],"iteration":260,"passed_time":1.429054403,"remaining_time":4.046249822},
{"learn":[0.4380079921],"iteration":261,"passed_time":1.459925665,"remaining_time":4.112309699},
{"learn":[0.4372984662],"iteration":262,"passed_time":1.474041629,"remaining_time":4.130679395},
{"learn":[0.4363711174],"iteration":263,"passed_time":1.48951863,"remaining_time":4.152597392},
{"learn":[0.4361735662],"iteration":264,"passed_time":1.530067412,"remaining_time":4.24377188},
{"learn":[0.4359775324],"iteration":265,"passed_time":1.537940527,"remaining_time":4.243790779},
{"learn":[0.4357415599],"iteration":266,"passed_time":1.550044895,"remaining_time":4.255366697},
{"learn":[0.4352132158],"iteration":267,"passed_time":1.559866316,"remaining_time":4.260530386},
{"learn":[0.4347386609],"iteration":268,"passed_time":1.566054877,"remaining_time":4.255710466},
{"learn":[0.4344742009],"iteration":269,"passed_time":1.571897051,"remaining_time":4.249943879},
{"learn":[0.4340668292],"iteration":270,"passed_time":1.578890791,"remaining_time":4.24727449},
{"learn":[0.4333147446],"iteration":271,"passed_time":1.585830219,"remaining_time":4.24442794},
{"learn":[0.4328546039],"iteration":272,"passed_time":1.592667058,"remaining_time":4.241278209},
{"learn":[0.4322992966],"iteration":273,"passed_time":1.597496505,"remaining_time":4.23278271},
{"learn":[0.4317213627],"iteration":274,"passed_time":1.6026139,"remaining_time":4.22507301},
{"learn":[0.4311413086],"iteration":275,"passed_time":1.607555223,"remaining_time":4.216920223},
{"learn":[0.4307753544],"iteration":276,"passed_time":1.612816843,"remaining_time":4.209626635},
{"learn":[0.4305064674],"iteration":277,"passed_time":1.617402836,"remaining_time":4.200592976},
{"learn":[0.4301169764],"iteration":278,"passed_time":1.622559186,"remaining_time":4.193065136},
{"learn":[0.4297288671],"iteration":279,"passed_time":1.627447009,"remaining_time":4.184863737},
{"learn":[0.4292762485],"iteration":280,"passed_time":1.632864761,"remaining_time":4.178041863},
{"learn":[0.4288774169],"iteration":281,"passed_time":1.638980851,"remaining_time":4.173007982},
{"learn":[0.4285030411],"iteration":282,"passed_time":1.644766521,"remaining_time":4.167129312},
{"learn":[0.4282187188],"iteration":283,"passed_time":1.651066081,"remaining_time":4.16254688},
{"learn":[0.4278989422],"iteration":284,"passed_time":1.656781672,"remaining_time":4.156487352},
{"learn":[0.4276218921],"iteration":285,"passed_time":1.661771603,"remaining_time":4.148618616},
{"learn":[0.4273487629],"iteration":286,"passed_time":1.667444169,"remaining_time":4.142465828},
{"learn":[0.4268850902],"iteration":287,"passed_time":1.673856408,"remaining_time":4.138145008},
{"learn":[0.4264925449],"iteration":288,"passed_time":1.678089211,"remaining_time":4.128447852},
{"learn":[0.4259952295],"iteration":289,"passed_time":1.683564905,"remaining_time":4.12183132},
{"learn":[0.4254727952],"iteration":290,"passed_time":1.68922498,"remaining_time":4.115671857},
{"learn":[0.4251477637],"iteration":291,"passed_time":1.698216281,"remaining_time":4.1175929},
{"learn":[0.424686006],"iteration":292,"passed_time":1.70589344,"remaining_time":4.116268472},
{"learn":[0.4243733624],"iteration":293,"passed_time":1.714062453,"remaining_time":4.116081944},
{"learn":[0.4240082241],"iteration":294,"passed_time":1.72074506,"remaining_time":4.112289041},
{"learn":[0.4236470286],"iteration":295,"passed_time":1.727937794,"remaining_time":4.109689888},
{"learn":[0.4232200231],"iteration":296,"passed_time":1.737953258,"remaining_time":4.113741213},
{"learn":[0.4228465431],"iteration":297,"passed_time":1.744494043,"remaining_time":4.109512812},
{"learn":[0.4221005054],"iteration":298,"passed_time":1.753141545,"remaining_time":4.110208105},
{"learn":[0.4218032221],"iteration":299,"passed_time":1.759043775,"remaining_time":4.104435475},
{"learn":[0.421436626],"iteration":300,"passed_time":1.766986657,"remaining_time":4.103400908},
{"learn":[0.421122171],"iteration":301,"passed_time":1.773829266,"remaining_time":4.099777576},
{"learn":[0.4206613044],"iteration":302,"passed_time":1.782332805,"remaining_time":4.099953681},
{"learn":[0.4201957893],"iteration":303,"passed_time":1.789036497,"remaining_time":4.095951979},
{"learn":[0.419633194],"iteration":304,"passed_time":1.79664331,"remaining_time":4.093990494},
{"learn":[0.4191173188],"iteration":305,"passed_time":1.803482849,"remaining_time":4.090251952},
{"learn":[0.4188308852],"iteration":306,"passed_time":1.809768867,"remaining_time":4.08524373},
{"learn":[0.418227641],"iteration":307,"passed_time":1.81731167,"remaining_time":4.083050895},
{"learn":[0.4179923323],"iteration":308,"passed_time":1.823270246,"remaining_time":4.077280712},
{"learn":[0.4176036302],"iteration":309,"passed_time":1.831938145,"remaining_time":4.077539741},
{"learn":[0.4170434863],"iteration":310,"passed_time":1.839783155,"remaining_time":4.075918307},
{"learn":[0.4164780634],"iteration":311,"passed_time":1.848006158,"remaining_time":4.075090501},
{"learn":[0.4160920608],"iteration":312,"passed_time":1.854703827,"remaining_time":4.070867506},
{"learn":[0.4156497303],"iteration":313,"passed_time":1.861337372,"remaining_time":4.066488653},
{"learn":[0.4147528755],"iteration":314,"passed_time":1.86720445,"remaining_time":4.060428725},
{"learn":[0.4142653448],"iteration":315,"passed_time":1.87219896,"remaining_time":4.052481292},
{"learn":[0.4138371534],"iteration":316,"passed_time":1.879056174,"remaining_time":4.048565827},
{"learn":[0.4135389452],"iteration":317,"passed_time":1.885284644,"remaining_time":4.043283418},
{"learn":[0.4132354192],"iteration":318,"passed_time":1.891600239,"remaining_time":4.038181074},
{"learn":[0.4127410913],"iteration":319,"passed_time":1.897200225,"remaining_time":4.031550479},
{"learn":[0.4123070077],"iteration":320,"passed_time":1.902415904,"remaining_time":4.024113392},
{"learn":[0.4119752105],"iteration":321,"passed_time":1.907211248,"remaining_time":4.015805051},
{"learn":[0.4116937514],"iteration":322,"passed_time":1.912451578,"remaining_time":4.00845114},
{"learn":[0.4114528654],"iteration":323,"passed_time":1.917792617,"remaining_time":4.001320398},
{"learn":[0.4110541422],"iteration":324,"passed_time":1.964165916,"remaining_time":4.079421518},
{"learn":[0.4107421914],"iteration":325,"passed_time":1.981638771,"remaining_time":4.097007765},
{"learn":[0.4102580934],"iteration":326,"passed_time":1.990312488,"remaining_time":4.096270044},
{"learn":[0.4099355998],"iteration":327,"passed_time":1.997733534,"remaining_time":4.092917484},
{"learn":[0.4093186138],"iteration":328,"passed_time":2.005911862,"remaining_time":4.091084679},
{"learn":[0.4089162561],"iteration":329,"passed_time":2.01192746,"remaining_time":4.084822418},
{"learn":[0.4086703339],"iteration":330,"passed_time":2.018465971,"remaining_time":4.079618534},
{"learn":[0.408337659],"iteration":331,"passed_time":2.025378205,"remaining_time":4.075158557},
{"learn":[0.4078685104],"iteration":332,"passed_time":2.03176442,"remaining_time":4.069630235},
{"learn":[0.4075737642],"iteration":333,"passed_time":2.038279005,"remaining_time":4.064352747},
{"learn":[0.4072881949],"iteration":334,"passed_time":2.045237841,"remaining_time":4.059949743},
{"learn":[0.4070151787],"iteration":335,"passed_time":2.051697696,"remaining_time":4.054545446},
{"learn":[0.4068714816],"iteration":336,"passed_time":2.057974187,"remaining_time":4.048774142},
{"learn":[0.4065413308],"iteration":337,"passed_time":2.063598581,"remaining_time":4.041722665},
{"learn":[0.4058144788],"iteration":338,"passed_time":2.068421377,"remaining_time":4.033116607},
{"learn":[0.4055456249],"iteration":339,"passed_time":2.075069141,"remaining_time":4.028075392},
{"learn":[0.4051678483],"iteration":340,"passed_time":2.079791856,"remaining_time":4.019304495},
{"learn":[0.4045768395],"iteration":341,"passed_time":2.084561535,"remaining_time":4.010647632},
{"learn":[0.4041862695],"iteration":342,"passed_time":2.091265457,"remaining_time":4.005718383},
{"learn":[0.4035095283],"iteration":343,"passed_time":2.096809369,"remaining_time":3.998566703},
{"learn":[0.4032670679],"iteration":344,"passed_time":2.101588447,"remaining_time":3.989972268},
{"learn":[0.4029487427],"iteration":345,"passed_time":2.106847144,"remaining_time":3.982306452},
{"learn":[0.4024410892],"iteration":346,"passed_time":2.111588544,"remaining_time":3.973681035},
{"learn":[0.4020174806],"iteration":347,"passed_time":2.11590084,"remaining_time":3.964273987},
{"learn":[0.4016211],"iteration":348,"passed_time":2.121083601,"remaining_time":3.956519841},
{"learn":[0.4012740413],"iteration":349,"passed_time":2.125694112,"remaining_time":3.947717637},
{"learn":[0.4010011765],"iteration":350,"passed_time":2.1297148,"remaining_time":3.937848733},
{"learn":[0.4006894002],"iteration":351,"passed_time":2.134617895,"remaining_time":3.929637488},
{"learn":[0.4003204791],"iteration":352,"passed_time":2.140246099,"remaining_time":3.922774011},
{"learn":[0.3998734164],"iteration":353,"passed_time":2.144764628,"remaining_time":3.913892513},
{"learn":[0.3994315641],"iteration":354,"passed_time":2.149441553,"remaining_time":3.905323384},
{"learn":[0.3990712309],"iteration":355,"passed_time":2.15485681,"remaining_time":3.898111757},
{"learn":[0.3986770712],"iteration":356,"passed_time":2.159559918,"remaining_time":3.889627526},
{"learn":[0.3981876627],"iteration":357,"passed_time":2.164532583,"remaining_time":3.881647817},
{"learn":[0.3979574625],"iteration":358,"passed_time":2.169984073,"remaining_time":3.874539806},
{"learn":[0.39750541],"iteration":359,"passed_time":2.174368676,"remaining_time":3.865544312},
{"learn":[0.3969022916],"iteration":360,"passed_time":2.179657211,"remaining_time":3.858174398},
{"learn":[0.3963999704],"iteration":361,"passed_time":2.184732096,"remaining_time":3.85043944},
{"learn":[0.3960210374],"iteration":362,"passed_time":2.189754838,"remaining_time":3.842627635},
{"learn":[0.3957806727],"iteration":363,"passed_time":2.194698404,"remaining_time":3.834692816},
{"learn":[0.3954834981],"iteration":364,"passed_time":2.199597716,"remaining_time":3.826697396},
{"learn":[0.3950584533],"iteration":365,"passed_time":2.204023415,"remaining_time":3.817898484},
{"learn":[0.394499964],"iteration":366,"passed_time":2.208530175,"remaining_time":3.809263218},
{"learn":[0.394131554],"iteration":367,"passed_time":2.213076327,"remaining_time":3.80071804},
{"learn":[0.3939376902],"iteration":368,"passed_time":2.218070223,"remaining_time":3.792960191},
{"learn":[0.3934963589],"iteration":369,"passed_time":2.22227959,"remaining_time":3.783881464},
{"learn":[0.3933042778],"iteration":370,"passed_time":2.227173462,"remaining_time":3.775989509},
{"learn":[0.3927599394],"iteration":371,"passed_time":2.231904535,"remaining_time":3.767838838},
{"learn":[0.3924030341],"iteration":372,"passed_time":2.236011545,"remaining_time":3.758657477},
{"learn":[0.3920491879],"iteration":373,"passed_time":2.240212904,"remaining_time":3.749661172},
{"learn":[0.3915968692],"iteration":374,"passed_time":2.244114927,"remaining_time":3.740191546},
{"learn":[0.3912901268],"iteration":375,"passed_time":2.248615779,"remaining_time":3.731745336},
{"learn":[0.3908077363],"iteration":376,"passed_time":2.253088573,"remaining_time":3.723273689},
{"learn":[0.3903926156],"iteration":377,"passed_time":2.257231983,"remaining_time":3.7142812},
{"learn":[0.3901505446],"iteration":378,"passed_time":2.261121028,"remaining_time":3.704897516},
{"learn":[0.3897473565],"iteration":379,"passed_time":2.266361919,"remaining_time":3.697748394},
{"learn":[0.3895146707],"iteration":380,"passed_time":2.270941322,"remaining_time":3.689534589},
{"learn":[0.3892448177],"iteration":381,"passed_time":2.274951874,"remaining_time":3.680419525},
{"learn":[0.3888663767],"iteration":382,"passed_time":2.27963229,"remaining_time":3.672410242},
{"learn":[0.3882139122],"iteration":383,"passed_time":2.284627644,"remaining_time":3.664923512},
{"learn":[0.3879719767],"iteration":384,"passed_time":2.290002181,"remaining_time":3.658055432},
{"learn":[0.3876118278],"iteration":385,"passed_time":2.294786556,"remaining_time":3.650256335},
{"learn":[0.3873681311],"iteration":386,"passed_time":2.301096351,"remaining_time":3.644889053},
{"learn":[0.3866611204],"iteration":387,"passed_time":2.305491598,"remaining_time":3.636497056},
{"learn":[0.3862159723],"iteration":388,"passed_time":2.309334424,"remaining_time":3.627257925},
{"learn":[0.3859955506],"iteration":389,"passed_time":2.314729579,"remaining_time":3.62047447},
{"learn":[0.3856018748],"iteration":390,"passed_time":2.319477546,"remaining_time":3.612690091},
{"learn":[0.3847712556],"iteration":391,"passed_time":2.323582372,"remaining_time":3.603923679},
{"learn":[0.3845476406],"iteration":392,"passed_time":2.327777381,"remaining_time":3.595320281},
{"learn":[0.3840778711],"iteration":393,"passed_time":2.33275827,"remaining_time":3.587947999},
{"learn":[0.3837981431],"iteration":394,"passed_time":2.336712726,"remaining_time":3.579015694},
{"learn":[0.3835754598],"iteration":395,"passed_time":2.340755789,"remaining_time":3.570243678},
{"learn":[0.3831658516],"iteration":396,"passed_time":2.346057791,"remaining_time":3.563407677},
{"learn":[0.3828564928],"iteration":397,"passed_time":2.35015163,"remaining_time":3.554751964},
{"learn":[0.3822517751],"iteration":398,"passed_time":2.354307727,"remaining_time":3.546212892},
{"learn":[0.3818555932],"iteration":399,"passed_time":2.358876704,"remaining_time":3.538315057},
{"learn":[0.3813700906],"iteration":400,"passed_time":2.363707228,"remaining_time":3.530824512},
{"learn":[0.3812278997],"iteration":401,"passed_time":2.367594633,"remaining_time":3.521944255},
{"learn":[0.3807188078],"iteration":402,"passed_time":2.37201691,"remaining_time":3.51388113},
{"learn":[0.380515406],"iteration":403,"passed_time":2.376634869,"remaining_time":3.506124707},
{"learn":[0.3803229394],"iteration":404,"passed_time":2.380843281,"remaining_time":3.497782105},
{"learn":[0.3796542875],"iteration":405,"passed_time":2.385056933,"remaining_time":3.489467532},
{"learn":[0.3793863478],"iteration":406,"passed_time":2.389268662,"remaining_time":3.481170312},
{"learn":[0.3787757605],"iteration":407,"passed_time":2.395098126,"remaining_time":3.475240419},
{"learn":[0.3784842449],"iteration":408,"passed_time":2.400304949,"remaining_time":3.468411307},
{"learn":[0.3779368335],"iteration":409,"passed_time":2.405157038,"remaining_time":3.461079641},
{"learn":[0.3775661158],"iteration":410,"passed_time":2.409901453,"remaining_time":3.453605732},
{"learn":[0.3772591592],"iteration":411,"passed_time":2.414072823,"remaining_time":3.445327233},
{"learn":[0.37637136],"iteration":412,"passed_time":2.418367268,"remaining_time":3.437243551},
{"learn":[0.3759715024],"iteration":413,"passed_time":2.423174329,"remaining_time":3.429903761},
{"learn":[0.3755506989],"iteration":414,"passed_time":2.428607633,"remaining_time":3.423458953},
{"learn":[0.3749516557],"iteration":415,"passed_time":2.434225862,"remaining_time":3.417278614},
{"learn":[0.3746906964],"iteration":416,"passed_time":2.439579556,"remaining_time":3.41073113},
{"learn":[0.3742440495],"iteration":417,"passed_time":2.444800291,"remaining_time":3.404004233},
{"learn":[0.374011129],"iteration":418,"passed_time":2.450123293,"remaining_time":3.397426332},
{"learn":[0.3732839932],"iteration":419,"passed_time":2.455778675,"remaining_time":3.391313408},
{"learn":[0.3730316582],"iteration":420,"passed_time":2.462278535,"remaining_time":3.386364066},
{"learn":[0.3721669512],"iteration":421,"passed_time":2.4682589,"remaining_time":3.380695839},
{"learn":[0.3719722031],"iteration":422,"passed_time":2.474639283,"remaining_time":3.375571787},
{"learn":[0.3716418722],"iteration":423,"passed_time":2.480490115,"remaining_time":3.369722421},
{"learn":[0.3712257318],"iteration":424,"passed_time":2.485884743,"remaining_time":3.363255828},
{"learn":[0.3708958678],"iteration":425,"passed_time":2.492207635,"remaining_time":3.358045029},
{"learn":[0.3706164983],"iteration":426,"passed_time":2.497266044,"remaining_time":3.351132185},
{"learn":[0.3693833421],"iteration":427,"passed_time":2.502366307,"remaining_time":3.344283943},
{"learn":[0.3690555927],"iteration":428,"passed_time":2.508897485,"remaining_time":3.3393484},
{"learn":[0.368329249],"iteration":429,"passed_time":2.514746854,"remaining_time":3.333501643},
{"learn":[0.3679903189],"iteration":430,"passed_time":2.519633253,"remaining_time":3.326383575},
{"learn":[0.3674958195],"iteration":431,"passed_time":2.524975395,"remaining_time":3.319875056},
{"learn":[0.366825298],"iteration":432,"passed_time":2.529634158,"remaining_time":3.312477061},
{"learn":[0.3665315072],"iteration":433,"passed_time":2.534592665,"remaining_time":3.3054826},
{"learn":[0.366172463],"iteration":434,"passed_time":2.541053719,"remaining_time":3.300449084},
{"learn":[0.3658217027],"iteration":435,"passed_time":2.545859528,"remaining_time":3.29326783},
{"learn":[0.3654724589],"iteration":436,"passed_time":2.550419056,"remaining_time":3.285780157},
{"learn":[0.3650939788],"iteration":437,"passed_time":2.556050934,"remaining_time":3.279681792},
{"learn":[0.3646790149],"iteration":438,"passed_time":2.560863566,"remaining_time":3.272538635},
{"learn":[0.3644293997],"iteration":439,"passed_time":2.566138635,"remaining_time":3.265994627},
{"learn":[0.3642535596],"iteration":440,"passed_time":2.571875371,"remaining_time":3.26004157},
{"learn":[0.3640063264],"iteration":441,"passed_time":2.576176072,"remaining_time":3.252276579},
{"learn":[0.363786477],"iteration":442,"passed_time":2.581055975,"remaining_time":3.245255481},
{"learn":[0.3636062021],"iteration":443,"passed_time":2.586102761,"remaining_time":3.238453007},
{"learn":[0.3633794312],"iteration":444,"passed_time":2.590564622,"remaining_time":3.230928911},
{"learn":[0.3627569712],"iteration":445,"passed_time":2.595129222,"remaining_time":3.223546163},
{"learn":[0.362398987],"iteration":446,"passed_time":2.600823373,"remaining_time":3.217573434},
{"learn":[0.3617866494],"iteration":447,"passed_time":2.607053351,"remaining_time":3.212262164},
{"learn":[0.3616233925],"iteration":448,"passed_time":2.61139668,"remaining_time":3.20463156},
{"learn":[0.3614172366],"iteration":449,"passed_time":2.61699643,"remaining_time":3.198551192},
{"learn":[0.3608830655],"iteration":450,"passed_time":2.621983178,"remaining_time":3.191726751},
{"learn":[0.3602668048],"iteration":451,"passed_time":2.627050414,"remaining_time":3.185008024},
{"learn":[0.3597031172],"iteration":452,"passed_time":2.632731664,"remaining_time":3.179038014},
{"learn":[0.3589411812],"iteration":453,"passed_time":2.638340656,"remaining_time":3.172982375},
{"learn":[0.3585780452],"iteration":454,"passed_time":2.643486629,"remaining_time":3.166374094},
{"learn":[0.3579587254],"iteration":455,"passed_time":2.648850449,"remaining_time":3.160032115},
{"learn":[0.3571599099],"iteration":456,"passed_time":2.654587104,"remaining_time":3.154137412},
{"learn":[0.3566307848],"iteration":457,"passed_time":2.660402695,"remaining_time":3.148336814},
{"learn":[0.3561690851],"iteration":458,"passed_time":2.666185056,"remaining_time":3.142496983},
{"learn":[0.3559824388],"iteration":459,"passed_time":2.671461013,"remaining_time":3.136062929},
{"learn":[0.3556903718],"iteration":460,"passed_time":2.676807619,"remaining_time":3.1297165},
{"learn":[0.3551901625],"iteration":461,"passed_time":2.682112401,"remaining_time":3.123325697},
{"learn":[0.3544513612],"iteration":462,"passed_time":2.687710554,"remaining_time":3.117279843},
{"learn":[0.3541373101],"iteration":463,"passed_time":2.692622404,"remaining_time":3.110443122},
{"learn":[0.3537010453],"iteration":464,"passed_time":2.697289388,"remaining_time":3.103332952},
{"learn":[0.3533983708],"iteration":465,"passed_time":2.702367363,"remaining_time":3.096704231},
{"learn":[0.3530170913],"iteration":466,"passed_time":2.707454392,"remaining_time":3.090092486},
{"learn":[0.3527062188],"iteration":467,"passed_time":2.713172189,"remaining_time":3.084204283},
{"learn":[0.3520887798],"iteration":468,"passed_time":2.719022273,"remaining_time":3.078466582},
{"learn":[0.351793287],"iteration":469,"passed_time":2.724197136,"remaining_time":3.071966983},
{"learn":[0.3515735081],"iteration":470,"passed_time":2.729221339,"remaining_time":3.065303797},
{"learn":[0.3508031571],"iteration":471,"passed_time":2.734798803,"remaining_time":3.059266457},
{"learn":[0.3504454306],"iteration":472,"passed_time":2.739484808,"remaining_time":3.05223783},
{"learn":[0.3499761097],"iteration":473,"passed_time":2.74379617,"remaining_time":3.044803345},
{"learn":[0.349579067],"iteration":474,"passed_time":2.750463476,"remaining_time":3.039985947},
{"learn":[0.3492611081],"iteration":475,"passed_time":2.755259767,"remaining_time":3.033101088},
{"learn":[0.3490603815],"iteration":476,"passed_time":2.759748167,"remaining_time":3.025887404},
{"learn":[0.3484000154],"iteration":477,"passed_time":2.765290639,"remaining_time":3.019836221},
{"learn":[0.3477012563],"iteration":478,"passed_time":2.769917138,"remaining_time":3.012790875},
{"learn":[0.3474710121],"iteration":479,"passed_time":2.774878556,"remaining_time":3.006118436},
{"learn":[0.347197273],"iteration":480,"passed_time":2.779667341,"remaining_time":2.99926684},
{"learn":[0.3469408329],"iteration":481,"passed_time":2.78433753,"remaining_time":2.992296349},
{"learn":[0.3462008324],"iteration":482,"passed_time":2.78882794,"remaining_time":2.98514295},
{"learn":[0.3455983072],"iteration":483,"passed_time":2.79418263,"remaining_time":2.978921977},
{"learn":[0.3452697366],"iteration":484,"passed_time":2.799037358,"remaining_time":2.97217369},
{"learn":[0.3446570526],"iteration":485,"passed_time":2.803022578,"remaining_time":2.96451359},
{"learn":[0.3443673785],"iteration":486,"passed_time":2.808321723,"remaining_time":2.958252657},
{"learn":[0.3441043687],"iteration":487,"passed_time":2.814367544,"remaining_time":2.952779063},
{"learn":[0.3438510403],"iteration":488,"passed_time":2.820139985,"remaining_time":2.947017448},
{"learn":[0.3432335869],"iteration":489,"passed_time":2.824657078,"remaining_time":2.939949204},
{"learn":[0.3430341358],"iteration":490,"passed_time":2.829937447,"remaining_time":2.933682608},
{"learn":[0.3425926007],"iteration":491,"passed_time":2.834998758,"remaining_time":2.927193839},
{"learn":[0.342310539],"iteration":492,"passed_time":2.83934881,"remaining_time":2.919979405},
{"learn":[0.3418714886],"iteration":493,"passed_time":2.843682893,"remaining_time":2.91276021},
{"learn":[0.3416646002],"iteration":494,"passed_time":2.848298899,"remaining_time":2.905840291},
{"learn":[0.3407433378],"iteration":495,"passed_time":2.852479734,"remaining_time":2.898487471},
{"learn":[0.3402045862],"iteration":496,"passed_time":2.856590434,"remaining_time":2.891076436},
{"learn":[0.3400312334],"iteration":497,"passed_time":2.861865178,"remaining_time":2.884852047},
{"learn":[0.339763829],"iteration":498,"passed_time":2.866479899,"remaining_time":2.877968797},
{"learn":[0.3391610013],"iteration":499,"passed_time":2.870455979,"remaining_time":2.870455979},
{"learn":[0.338705821],"iteration":500,"passed_time":2.874944169,"remaining_time":2.863467345},
{"learn":[0.3379586173],"iteration":501,"passed_time":2.880257934,"remaining_time":2.857307672},
{"learn":[0.3373755222],"iteration":502,"passed_time":2.884287616,"remaining_time":2.849882595},
{"learn":[0.3368783931],"iteration":503,"passed_time":2.888910505,"remaining_time":2.843054783},
{"learn":[0.3366060618],"iteration":504,"passed_time":2.893951585,"remaining_time":2.836645613},
{"learn":[0.3355790852],"iteration":505,"passed_time":2.898473194,"remaining_time":2.829734699},
{"learn":[0.3352246965],"iteration":506,"passed_time":2.90272074,"remaining_time":2.822566716},
{"learn":[0.3347072955],"iteration":507,"passed_time":2.907279838,"remaining_time":2.815711969},
{"learn":[0.3342674148],"iteration":508,"passed_time":2.91234917,"remaining_time":2.809358433},
{"learn":[0.333685924],"iteration":509,"passed_time":2.917170324,"remaining_time":2.802771488},
{"learn":[0.3331674314],"iteration":510,"passed_time":2.922297161,"remaining_time":2.796483976},
{"learn":[0.3328841968],"iteration":511,"passed_time":2.928178445,"remaining_time":2.79092008},
{"learn":[0.3323533671],"iteration":512,"passed_time":2.932923457,"remaining_time":2.784276264},
{"learn":[0.3319015584],"iteration":513,"passed_time":2.937001784,"remaining_time":2.777009469},
{"learn":[0.3316229972],"iteration":514,"passed_time":2.942583356,"remaining_time":2.771170734},
{"learn":[0.3309126118],"iteration":515,"passed_time":2.946683936,"remaining_time":2.763943847},
{"learn":[0.3305744162],"iteration":516,"passed_time":2.950611596,"remaining_time":2.756567507},
{"learn":[0.3298898917],"iteration":517,"passed_time":2.955562656,"remaining_time":2.750156757},
{"learn":[0.3288643574],"iteration":518,"passed_time":2.960345858,"remaining_time":2.743596065},
{"learn":[0.3285817405],"iteration":519,"passed_time":2.96486941,"remaining_time":2.736802532},
{"learn":[0.328264397],"iteration":520,"passed_time":2.969660013,"remaining_time":2.730263237},
{"learn":[0.3277666832],"iteration":521,"passed_time":2.975806158,"remaining_time":2.724971923},
{"learn":[0.3274653206],"iteration":522,"passed_time":2.980748501,"remaining_time":2.718579416},
{"learn":[0.3268601566],"iteration":523,"passed_time":2.985203012,"remaining_time":2.711749301},
{"learn":[0.3265776299],"iteration":524,"passed_time":2.990629435,"remaining_time":2.705807584},
{"learn":[0.3257998863],"iteration":525,"passed_time":2.995693223,"remaining_time":2.699541042},
{"learn":[0.3253705694],"iteration":526,"passed_time":3.000267375,"remaining_time":2.692839598},
{"learn":[0.3250475835],"iteration":527,"passed_time":3.00640511,"remaining_time":2.687543962},
{"learn":[0.3244195506],"iteration":528,"passed_time":3.011127911,"remaining_time":2.680985342},
{"learn":[0.3234820336],"iteration":529,"passed_time":3.016164291,"remaining_time":2.67471173},
{"learn":[0.3231400522],"iteration":530,"passed_time":3.021338806,"remaining_time":2.668564784},
{"learn":[0.3226385819],"iteration":531,"passed_time":3.027040903,"remaining_time":2.662885606},
{"learn":[0.3219994937],"iteration":532,"passed_time":3.031469928,"remaining_time":2.656090913},
{"learn":[0.3216929214],"iteration":533,"passed_time":3.036935881,"remaining_time":2.650209964},
{"learn":[0.3214294373],"iteration":534,"passed_time":3.042043219,"remaining_time":2.644018872},
{"learn":[0.3211453465],"iteration":535,"passed_time":3.046477111,"remaining_time":2.637248842},
{"learn":[0.3209167798],"iteration":536,"passed_time":3.050967091,"remaining_time":2.630535871},
{"learn":[0.3203295127],"iteration":537,"passed_time":3.056676565,"remaining_time":2.624878389},
{"learn":[0.3196420179],"iteration":538,"passed_time":3.061884056,"remaining_time":2.618791373},
{"learn":[0.3192045503],"iteration":539,"passed_time":3.066613675,"remaining_time":2.612300538},
{"learn":[0.3186146375],"iteration":540,"passed_time":3.071923946,"remaining_time":2.606308856},
{"learn":[0.3183602048],"iteration":541,"passed_time":3.076897611,"remaining_time":2.60003525},
{"learn":[0.31810278],"iteration":542,"passed_time":3.081719532,"remaining_time":2.593638722},
{"learn":[0.3178477296],"iteration":543,"passed_time":3.087569237,"remaining_time":2.588109508},
{"learn":[0.3174836365],"iteration":544,"passed_time":3.092954901,"remaining_time":2.582191706},
{"learn":[0.3170129487],"iteration":545,"passed_time":3.097278822,"remaining_time":2.575393013},
{"learn":[0.3167450773],"iteration":546,"passed_time":3.102987701,"remaining_time":2.569750326},
{"learn":[0.3164896933],"iteration":547,"passed_time":3.107311917,"remaining_time":2.562965304},
{"learn":[0.3162510702],"iteration":548,"passed_time":3.111368594,"remaining_time":2.555969464},
{"learn":[0.3157091438],"iteration":549,"passed_time":3.116160629,"remaining_time":2.549585969},
{"learn":[0.3154951982],"iteration":550,"passed_time":3.121402622,"remaining_time":2.543574913},
{"learn":[0.3146694865],"iteration":551,"passed_time":3.125758979,"remaining_time":2.536847867},
{"learn":[0.3142817283],"iteration":552,"passed_time":3.129943708,"remaining_time":2.529990664},
{"learn":[0.3137217931],"iteration":553,"passed_time":3.134711045,"remaining_time":2.523612141},
{"learn":[0.3133679728],"iteration":554,"passed_time":3.140263587,"remaining_time":2.517869002},
{"learn":[0.3124883768],"iteration":555,"passed_time":3.144438356,"remaining_time":2.511026313},
{"learn":[0.3120358658],"iteration":556,"passed_time":3.149311033,"remaining_time":2.504748272},
{"learn":[0.3114508871],"iteration":557,"passed_time":3.153592349,"remaining_time":2.498006843},
{"learn":[0.3110135389],"iteration":558,"passed_time":3.157669995,"remaining_time":2.491113538},
{"learn":[0.310408024],"iteration":559,"passed_time":3.162179898,"remaining_time":2.48456992},
{"learn":[0.3098749533],"iteration":560,"passed_time":3.167334691,"remaining_time":2.478538199},
{"learn":[0.3093068608],"iteration":561,"passed_time":3.171526598,"remaining_time":2.471759163},
{"learn":[0.3089568005],"iteration":562,"passed_time":3.176078743,"remaining_time":2.465268935},
{"learn":[0.3086459116],"iteration":563,"passed_time":3.180496987,"remaining_time":2.458682068},
{"learn":[0.3084303877],"iteration":564,"passed_time":3.185504623,"remaining_time":2.452556657},
{"learn":[0.3081527501],"iteration":565,"passed_time":3.190063274,"remaining_time":2.44609092},
{"learn":[0.3075319663],"iteration":566,"passed_time":3.19437728,"remaining_time":2.439445083},
{"learn":[0.3071876016],"iteration":567,"passed_time":3.199082658,"remaining_time":2.43310512},
{"learn":[0.3066723655],"iteration":568,"passed_time":3.203608945,"remaining_time":2.426635246},
{"learn":[0.3063961631],"iteration":569,"passed_time":3.207737339,"remaining_time":2.419872028},
{"learn":[0.3061058025],"iteration":570,"passed_time":3.211668676,"remaining_time":2.412969986},
{"learn":[0.3058995095],"iteration":571,"passed_time":3.217285659,"remaining_time":2.407339619},
{"learn":[0.3055688697],"iteration":572,"passed_time":3.221745066,"remaining_time":2.400846672},
{"learn":[0.3052944032],"iteration":573,"passed_time":3.225611066,"remaining_time":2.393920408},
{"learn":[0.3049200935],"iteration":574,"passed_time":3.230635179,"remaining_time":2.387860785},
{"learn":[0.3046367422],"iteration":575,"passed_time":3.236441661,"remaining_time":2.382380667},
{"learn":[0.3038550317],"iteration":576,"passed_time":3.240821231,"remaining_time":2.375853346},
{"learn":[0.3033441194],"iteration":577,"passed_time":3.245256086,"remaining_time":2.369373821},
{"learn":[0.3027268835],"iteration":578,"passed_time":3.250158244,"remaining_time":2.363241141},
{"learn":[0.3022107835],"iteration":579,"passed_time":3.254620495,"remaining_time":2.356794151},
{"learn":[0.3019340221],"iteration":580,"passed_time":3.258494294,"remaining_time":2.34992962},
{"learn":[0.3014246513],"iteration":581,"passed_time":3.263861487,"remaining_time":2.34414794},
{"learn":[0.3011704427],"iteration":582,"passed_time":3.268321381,"remaining_time":2.337718724},
{"learn":[0.3006917786],"iteration":583,"passed_time":3.272345318,"remaining_time":2.330985706},
{"learn":[0.3004409009],"iteration":584,"passed_time":3.278078324,"remaining_time":2.325474366},
{"learn":[0.3000417458],"iteration":585,"passed_time":3.282795822,"remaining_time":2.31924483},
{"learn":[0.2995327],"iteration":586,"passed_time":3.287056425,"remaining_time":2.312698984},
{"learn":[0.2990553622],"iteration":587,"passed_time":3.291265332,"remaining_time":2.306124688},
{"learn":[0.2984483188],"iteration":588,"passed_time":3.296623469,"remaining_time":2.30036035},
{"learn":[0.2980026047],"iteration":589,"passed_time":3.301204995,"remaining_time":2.294057708},
{"learn":[0.2978075694],"iteration":590,"passed_time":3.305322114,"remaining_time":2.2874395},
{"learn":[0.2972446928],"iteration":591,"passed_time":3.310274153,"remaining_time":2.28140516},
{"learn":[0.2968959611],"iteration":592,"passed_time":3.314512413,"remaining_time":2.274884573},
{"learn":[0.2966462567],"iteration":593,"passed_time":3.318527689,"remaining_time":2.268219262},
{"learn":[0.2961606752],"iteration":594,"passed_time":3.323225373,"remaining_time":2.262027355},
{"learn":[0.295981008],"iteration":595,"passed_time":3.328034543,"remaining_time":2.255916033},
{"learn":[0.2956837478],"iteration":596,"passed_time":3.332927276,"remaining_time":2.249865481},
{"learn":[0.2952580622],"iteration":597,"passed_time":3.33750424,"remaining_time":2.243606529},
{"learn":[0.2950723337],"iteration":598,"passed_time":3.342047651,"remaining_time":2.237330732},
{"learn":[0.2948918499],"iteration":599,"passed_time":3.346394973,"remaining_time":2.230929982},
{"learn":[0.2946693012],"iteration":600,"passed_time":3.351168716,"remaining_time":2.224819164},
{"learn":[0.2944467147],"iteration":601,"passed_time":3.35573053,"remaining_time":2.218572676},
{"learn":[0.2940067155],"iteration":602,"passed_time":3.361519557,"remaining_time":2.213139742},
{"learn":[0.2937639882],"iteration":603,"passed_time":3.365891303,"remaining_time":2.206776417},
{"learn":[0.2933184901],"iteration":604,"passed_time":3.37020885,"remaining_time":2.200384291},
{"learn":[0.2928759995],"iteration":605,"passed_time":3.374894455,"remaining_time":2.194238309},
{"learn":[0.2926502979],"iteration":606,"passed_time":3.379017441,"remaining_time":2.187732873},
{"learn":[0.2923945746],"iteration":607,"passed_time":3.383781996,"remaining_time":2.181648919},
{"learn":[0.292132074],"iteration":608,"passed_time":3.387966287,"remaining_time":2.175196746},
{"learn":[0.2918752929],"iteration":609,"passed_time":3.393406092,"remaining_time":2.169554715},
{"learn":[0.2915017833],"iteration":610,"passed_time":3.398136697,"remaining_time":2.163461825},
{"learn":[0.2912873472],"iteration":611,"passed_time":3.402520352,"remaining_time":2.157153426},
{"learn":[0.2909734233],"iteration":612,"passed_time":3.407099064,"remaining_time":2.15097445},
{"learn":[0.290752019],"iteration":613,"passed_time":3.41136349,"remaining_time":2.144603106},
{"learn":[0.2905318476],"iteration":614,"passed_time":3.415771463,"remaining_time":2.138328477},
{"learn":[0.2901315925],"iteration":615,"passed_time":3.419793934,"remaining_time":2.131819595},
{"learn":[0.2896007701],"iteration":616,"passed_time":3.425074744,"remaining_time":2.126099882},
{"learn":[0.2891471619],"iteration":617,"passed_time":3.429544387,"remaining_time":2.119880187},
{"learn":[0.288966564],"iteration":618,"passed_time":3.433659245,"remaining_time":2.113447774},
{"learn":[0.2884669179],"iteration":619,"passed_time":3.43807202,"remaining_time":2.107205432},
{"learn":[0.2882422051],"iteration":620,"passed_time":3.443026127,"remaining_time":2.101299359},
{"learn":[0.2876912635],"iteration":621,"passed_time":3.447348698,"remaining_time":2.095012553},
{"learn":[0.287459282],"iteration":622,"passed_time":3.451436804,"remaining_time":2.088590169},
{"learn":[0.2871449421],"iteration":623,"passed_time":3.456974736,"remaining_time":2.08304888},
{"learn":[0.2869807115],"iteration":624,"passed_time":3.46209764,"remaining_time":2.077258584},
{"learn":[0.2866498337],"iteration":625,"passed_time":3.466532558,"remaining_time":2.071059388},
{"learn":[0.2863280924],"iteration":626,"passed_time":3.47153774,"remaining_time":2.065205067},
{"learn":[0.2856503024],"iteration":627,"passed_time":3.476418687,"remaining_time":2.059279859},
{"learn":[0.2853381212],"iteration":628,"passed_time":3.480730911,"remaining_time":2.053022525},
{"learn":[0.2850181938],"iteration":629,"passed_time":3.484818024,"remaining_time":2.046639157},
{"learn":[0.284785294],"iteration":630,"passed_time":3.489990122,"remaining_time":2.040897551},
{"learn":[0.2845798862],"iteration":631,"passed_time":3.494041067,"remaining_time":2.034504925},
{"learn":[0.2842419933],"iteration":632,"passed_time":3.49822501,"remaining_time":2.028196807},
{"learn":[0.2840411484],"iteration":633,"passed_time":3.503008909,"remaining_time":2.022241736},
{"learn":[0.2835907178],"iteration":634,"passed_time":3.507302417,"remaining_time":2.016008476},
{"learn":[0.2832493736],"iteration":635,"passed_time":3.511304288,"remaining_time":2.009614404},
{"learn":[0.2829081552],"iteration":636,"passed_time":3.516156743,"remaining_time":2.003712555},
{"learn":[0.2824894244],"iteration":637,"passed_time":3.521259695,"remaining_time":1.997956128},
{"learn":[0.2819256696],"iteration":638,"passed_time":3.525472507,"remaining_time":1.991698865},
{"learn":[0.2816685409],"iteration":639,"passed_time":3.530908107,"remaining_time":1.98613581},
{"learn":[0.281424318],"iteration":640,"passed_time":3.535603093,"remaining_time":1.980158362},
{"learn":[0.2811303271],"iteration":641,"passed_time":3.540865149,"remaining_time":1.974501126},
{"learn":[0.2809245438],"iteration":642,"passed_time":3.544983437,"remaining_time":1.968210089},
{"learn":[0.2806830678],"iteration":643,"passed_time":3.549351458,"remaining_time":1.962063849},
{"learn":[0.2803162926],"iteration":644,"passed_time":3.554034326,"remaining_time":1.956096412},
{"learn":[0.2799557723],"iteration":645,"passed_time":3.558443042,"remaining_time":1.949982719},
{"learn":[0.2797246312],"iteration":646,"passed_time":3.563462076,"remaining_time":1.944207284},
{"learn":[0.2794678461],"iteration":647,"passed_time":3.56794186,"remaining_time":1.938141257},
{"learn":[0.2792222137],"iteration":648,"passed_time":3.572141792,"remaining_time":1.931928766},
{"learn":[0.2789254472],"iteration":649,"passed_time":3.576857003,"remaining_time":1.925999925},
{"learn":[0.2785903341],"iteration":650,"passed_time":3.580960763,"remaining_time":1.919747014},
{"learn":[0.2784189345],"iteration":651,"passed_time":3.586056955,"remaining_time":1.914030399},
{"learn":[0.2779648639],"iteration":652,"passed_time":3.590697589,"remaining_time":1.908073604},
{"learn":[0.2776642088],"iteration":653,"passed_time":3.594900961,"remaining_time":1.901889499},
{"learn":[0.277476532],"iteration":654,"passed_time":3.599128105,"remaining_time":1.895723964},
{"learn":[0.2771011382],"iteration":655,"passed_time":3.60384568,"remaining_time":1.889821515},
{"learn":[0.276796201],"iteration":656,"passed_time":3.608247468,"remaining_time":1.88375781},
{"learn":[0.2765753124],"iteration":657,"passed_time":3.612086332,"remaining_time":1.877406574},
{"learn":[0.275952963],"iteration":658,"passed_time":3.617132052,"remaining_time":1.87168745},
{"learn":[0.2755820701],"iteration":659,"passed_time":3.621344815,"remaining_time":1.865541268},
{"learn":[0.2750969388],"iteration":660,"passed_time":3.625367909,"remaining_time":1.859303663},
{"learn":[0.2747442182],"iteration":661,"passed_time":3.629711012,"remaining_time":1.853236136},
{"learn":[0.2743662467],"iteration":662,"passed_time":3.634994522,"remaining_time":1.847651816},
{"learn":[0.2741349222],"iteration":663,"passed_time":3.639027382,"remaining_time":1.841435543},
{"learn":[0.2739100617],"iteration":664,"passed_time":3.643651607,"remaining_time":1.835523742},
{"learn":[0.2734717621],"iteration":665,"passed_time":3.647978424,"remaining_time":1.829466657},
{"learn":[0.2730206992],"iteration":666,"passed_time":3.653725961,"remaining_time":1.824124055},
{"learn":[0.2727415395],"iteration":667,"passed_time":3.658082356,"remaining_time":1.818088836},
{"learn":[0.2725845762],"iteration":668,"passed_time":3.662514895,"remaining_time":1.812096308},
{"learn":[0.2724268776],"iteration":669,"passed_time":3.667822405,"remaining_time":1.806539393},
{"learn":[0.2721030253],"iteration":670,"passed_time":3.672029779,"remaining_time":1.800443811},
{"learn":[0.2717529614],"iteration":671,"passed_time":3.676840639,"remaining_time":1.794648407},
{"learn":[0.2713534799],"iteration":672,"passed_time":3.682168542,"remaining_time":1.789107152},
{"learn":[0.2710517481],"iteration":673,"passed_time":3.686266612,"remaining_time":1.782971685},
{"learn":[0.2707913979],"iteration":674,"passed_time":3.690818278,"remaining_time":1.777060652},
{"learn":[0.2706308685],"iteration":675,"passed_time":3.695478106,"remaining_time":1.771205483},
{"learn":[0.2703058078],"iteration":676,"passed_time":3.700626159,"remaining_time":1.765586779},
{"learn":[0.2701422956],"iteration":677,"passed_time":3.704695827,"remaining_time":1.75945731},
{"learn":[0.2700503979],"iteration":678,"passed_time":3.709381982,"remaining_time":1.753625355},
{"learn":[0.2698897123],"iteration":679,"passed_time":3.714955627,"remaining_time":1.748214413},
{"learn":[0.2696114086],"iteration":680,"passed_time":3.719036988,"remaining_time":1.742103963},
{"learn":[0.2693821632],"iteration":681,"passed_time":3.723770119,"remaining_time":1.736303369},
{"learn":[0.2691472389],"iteration":682,"passed_time":3.728145129,"remaining_time":1.730339686},
{"learn":[0.268900953],"iteration":683,"passed_time":3.732581134,"remaining_time":1.724408828},
{"learn":[0.2686913737],"iteration":684,"passed_time":3.737134888,"remaining_time":1.718536481},
{"learn":[0.2684236724],"iteration":685,"passed_time":3.74129711,"remaining_time":1.712488765},
{"learn":[0.2682701605],"iteration":686,"passed_time":3.746127718,"remaining_time":1.706751056},
{"learn":[0.2681046091],"iteration":687,"passed_time":3.751062301,"remaining_time":1.701063137},
{"learn":[0.2679252752],"iteration":688,"passed_time":3.755933604,"remaining_time":1.69534884},
{"learn":[0.2673858212],"iteration":689,"passed_time":3.760149626,"remaining_time":1.689342586},
{"learn":[0.2671152275],"iteration":690,"passed_time":3.764942218,"remaining_time":1.683599342},
{"learn":[0.2667967086],"iteration":691,"passed_time":3.769771071,"remaining_time":1.677874985},
{"learn":[0.2665441705],"iteration":692,"passed_time":3.773869836,"remaining_time":1.671829783},
{"learn":[0.2663705203],"iteration":693,"passed_time":3.77890684,"remaining_time":1.66620388},
{"learn":[0.2661496323],"iteration":694,"passed_time":3.784352348,"remaining_time":1.660758944},
{"learn":[0.2659455462],"iteration":695,"passed_time":3.789832869,"remaining_time":1.655329299},
{"learn":[0.2656462862],"iteration":696,"passed_time":3.795104568,"remaining_time":1.649808729},
{"learn":[0.2654333927],"iteration":697,"passed_time":3.799549745,"remaining_time":1.643931265},
{"learn":[0.2651057681],"iteration":698,"passed_time":3.804357478,"remaining_time":1.638214021},
{"learn":[0.2646038661],"iteration":699,"passed_time":3.808589649,"remaining_time":1.632252707},
{"learn":[0.2642897946],"iteration":700,"passed_time":3.813507515,"remaining_time":1.626588797},
{"learn":[0.2640227521],"iteration":701,"passed_time":3.817880205,"remaining_time":1.620695586},
{"learn":[0.2638117537],"iteration":702,"passed_time":3.822097934,"remaining_time":1.614741232},
{"learn":[0.2636592377],"iteration":703,"passed_time":3.827650264,"remaining_time":1.609352952},
{"learn":[0.2635222136],"iteration":704,"passed_time":3.8319008,"remaining_time":1.603419484},
{"learn":[0.2633641261],"iteration":705,"passed_time":3.836507523,"remaining_time":1.59763911},
{"learn":[0.2632356893],"iteration":706,"passed_time":3.840812691,"remaining_time":1.591737084},
{"learn":[0.2630406187],"iteration":707,"passed_time":3.845323836,"remaining_time":1.58592452},
{"learn":[0.2628613796],"iteration":708,"passed_time":3.849894269,"remaining_time":1.580139961},
{"learn":[0.262694023],"iteration":709,"passed_time":3.854061087,"remaining_time":1.574193965},
{"learn":[0.2624293987],"iteration":710,"passed_time":3.859651848,"remaining_time":1.568831764},
{"learn":[0.2621848215],"iteration":711,"passed_time":3.864734655,"remaining_time":1.563263456},
{"learn":[0.2619670659],"iteration":712,"passed_time":3.869148208,"remaining_time":1.557427119},
{"learn":[0.2618432035],"iteration":713,"passed_time":3.873803025,"remaining_time":1.551691408},
{"learn":[0.2616443985],"iteration":714,"passed_time":3.878356181,"remaining_time":1.545918198},
{"learn":[0.2614642809],"iteration":715,"passed_time":3.882494211,"remaining_time":1.539983737},
{"learn":[0.2612063816],"iteration":716,"passed_time":3.886569758,"remaining_time":1.534029626},
{"learn":[0.2610487965],"iteration":717,"passed_time":3.89177347,"remaining_time":1.528523842},
{"learn":[0.2605348507],"iteration":718,"passed_time":3.896071035,"remaining_time":1.522664758},
{"learn":[0.2602423624],"iteration":719,"passed_time":3.900197772,"remaining_time":1.516743578},
{"learn":[0.2599895735],"iteration":720,"passed_time":3.904685218,"remaining_time":1.510966957},
{"learn":[0.2595675705],"iteration":721,"passed_time":3.909652485,"remaining_time":1.505378658},
{"learn":[0.2593152311],"iteration":722,"passed_time":3.91371783,"remaining_time":1.499446527},
{"learn":[0.2585866804],"iteration":723,"passed_time":3.918680787,"remaining_time":1.493861736},
{"learn":[0.2583200056],"iteration":724,"passed_time":3.923947834,"remaining_time":1.488394006},
{"learn":[0.2580216012],"iteration":725,"passed_time":3.928237605,"remaining_time":1.482557994},
{"learn":[0.257877209],"iteration":726,"passed_time":3.932470061,"remaining_time":1.476704713},
{"learn":[0.2577105721],"iteration":727,"passed_time":3.937546022,"remaining_time":1.471171041},
{"learn":[0.2575030575],"iteration":728,"passed_time":3.942261432,"remaining_time":1.465504593},
{"learn":[0.2573440254],"iteration":729,"passed_time":3.946451886,"remaining_time":1.459646588},
{"learn":[0.2571162513],"iteration":730,"passed_time":3.951065544,"remaining_time":1.45394888},
{"learn":[0.2567948513],"iteration":731,"passed_time":3.956736502,"remaining_time":1.448641233},
{"learn":[0.2565908863],"iteration":732,"passed_time":3.961200998,"remaining_time":1.442893133},
{"learn":[0.256357492],"iteration":733,"passed_time":3.965523889,"remaining_time":1.437097213},
{"learn":[0.2560006518],"iteration":734,"passed_time":3.970120145,"remaining_time":1.431403862},
{"learn":[0.2557860364],"iteration":735,"passed_time":3.974358542,"remaining_time":1.425585129},
{"learn":[0.2555748517],"iteration":736,"passed_time":3.978734027,"remaining_time":1.419819605},
{"learn":[0.2554049818],"iteration":737,"passed_time":3.98296618,"remaining_time":1.414006964},
{"learn":[0.2552230989],"iteration":738,"passed_time":3.987703497,"remaining_time":1.408377013},
{"learn":[0.2548925404],"iteration":739,"passed_time":3.992374521,"remaining_time":1.402726183},
{"learn":[0.2547573709],"iteration":740,"passed_time":3.996637547,"remaining_time":1.396935391},
{"learn":[0.254452428],"iteration":741,"passed_time":4.001005613,"remaining_time":1.39118524},
{"learn":[0.254194524],"iteration":742,"passed_time":4.006021552,"remaining_time":1.385662906},
{"learn":[0.2540142877],"iteration":743,"passed_time":4.010458528,"remaining_time":1.379942719},
{"learn":[0.2538819986],"iteration":744,"passed_time":4.014784144,"remaining_time":1.374187861},
{"learn":[0.2536990495],"iteration":745,"passed_time":4.020693216,"remaining_time":1.368975974},
{"learn":[0.2535018023],"iteration":746,"passed_time":4.025324826,"remaining_time":1.36332956},
{"learn":[0.2533463358],"iteration":747,"passed_time":4.029562478,"remaining_time":1.357553134},
{"learn":[0.2531227398],"iteration":748,"passed_time":4.033640982,"remaining_time":1.351727485},
{"learn":[0.2529836284],"iteration":749,"passed_time":4.03878503,"remaining_time":1.346261677},
{"learn":[0.2527060794],"iteration":750,"passed_time":4.043082318,"remaining_time":1.340515975},
{"learn":[0.2524709435],"iteration":751,"passed_time":4.04716641,"remaining_time":1.334703816},
{"learn":[0.2523075525],"iteration":752,"passed_time":4.052904961,"remaining_time":1.329438945},
{"learn":[0.2520885641],"iteration":753,"passed_time":4.057304325,"remaining_time":1.323735894},
{"learn":[0.2517255061],"iteration":754,"passed_time":4.061342727,"remaining_time":1.317919163},
{"learn":[0.2515606518],"iteration":755,"passed_time":4.065794667,"remaining_time":1.312240607},
{"learn":[0.251379378],"iteration":756,"passed_time":4.072255473,"remaining_time":1.307210145},
{"learn":[0.2511414414],"iteration":757,"passed_time":4.077527959,"remaining_time":1.301796525},
{"learn":[0.2509755877],"iteration":758,"passed_time":4.082112628,"remaining_time":1.296164879},
{"learn":[0.2508401856],"iteration":759,"passed_time":4.08692622,"remaining_time":1.29060828},
{"learn":[0.2507096787],"iteration":760,"passed_time":4.091683237,"remaining_time":1.285035865},
{"learn":[0.2503520372],"iteration":761,"passed_time":4.096550806,"remaining_time":1.279500121},
{"learn":[0.2501897401],"iteration":762,"passed_time":4.10229449,"remaining_time":1.274238262},
{"learn":[0.2499058505],"iteration":763,"passed_time":4.106902104,"remaining_time":1.26862421},
{"learn":[0.24966926],"iteration":764,"passed_time":4.112109665,"remaining_time":1.263197087},
{"learn":[0.2495176798],"iteration":765,"passed_time":4.118678682,"remaining_time":1.258186438},
{"learn":[0.2492716216],"iteration":766,"passed_time":4.124936684,"remaining_time":1.253077246},
{"learn":[0.2491016329],"iteration":767,"passed_time":4.129577674,"remaining_time":1.247476589},
{"learn":[0.2489229615],"iteration":768,"passed_time":4.1343104,"remaining_time":1.241905985},
{"learn":[0.2486062185],"iteration":769,"passed_time":4.138715665,"remaining_time":1.236239744},
{"learn":[0.2483969175],"iteration":770,"passed_time":4.14352971,"remaining_time":1.230698189},
{"learn":[0.2480815408],"iteration":771,"passed_time":4.149486536,"remaining_time":1.225496024},
{"learn":[0.2477820782],"iteration":772,"passed_time":4.154230703,"remaining_time":1.219935795},
{"learn":[0.2476394565],"iteration":773,"passed_time":4.159817372,"remaining_time":1.214623677},
{"learn":[0.2474819554],"iteration":774,"passed_time":4.165974947,"remaining_time":1.209476597},
{"learn":[0.2473465531],"iteration":775,"passed_time":4.171913476,"remaining_time":1.204263684},
{"learn":[0.2470001237],"iteration":776,"passed_time":4.177228456,"remaining_time":1.198869943},
{"learn":[0.2467093398],"iteration":777,"passed_time":4.182501234,"remaining_time":1.193464362},
{"learn":[0.2464559899],"iteration":778,"passed_time":4.186855984,"remaining_time":1.187798681},
{"learn":[0.2462535396],"iteration":779,"passed_time":4.19164437,"remaining_time":1.182258669},
{"learn":[0.246105647],"iteration":780,"passed_time":4.196898431,"remaining_time":1.176851161},
{"learn":[0.2458905802],"iteration":781,"passed_time":4.201047465,"remaining_time":1.171135994},
{"learn":[0.2457477612],"iteration":782,"passed_time":4.205679822,"remaining_time":1.165558776},
{"learn":[0.2455829632],"iteration":783,"passed_time":4.210241189,"remaining_time":1.159964409},
{"learn":[0.2453177827],"iteration":784,"passed_time":4.215282708,"remaining_time":1.154504181},
{"learn":[0.2450851338],"iteration":785,"passed_time":4.219776111,"remaining_time":1.148895786},
{"learn":[0.2448651151],"iteration":786,"passed_time":4.224612359,"remaining_time":1.143383015},
{"learn":[0.2446972903],"iteration":787,"passed_time":4.229769616,"remaining_time":1.137958323},
{"learn":[0.24453656],"iteration":788,"passed_time":4.23384474,"remaining_time":1.132244918},
{"learn":[0.2443684618],"iteration":789,"passed_time":4.238226792,"remaining_time":1.126617249},
{"learn":[0.2441972829],"iteration":790,"passed_time":4.24289638,"remaining_time":1.121068702},
{"learn":[0.2440168336],"iteration":791,"passed_time":4.247434843,"remaining_time":1.115487939},
{"learn":[0.243833104],"iteration":792,"passed_time":4.251630873,"remaining_time":1.109820417},
{"learn":[0.2436785538],"iteration":793,"passed_time":4.255702337,"remaining_time":1.104124284},
{"learn":[0.2434988906],"iteration":794,"passed_time":4.261553091,"remaining_time":1.098891049},
{"learn":[0.2433272519],"iteration":795,"passed_time":4.265676472,"remaining_time":1.093213568},
{"learn":[0.2431677938],"iteration":796,"passed_time":4.27024967,"remaining_time":1.087654558},
{"learn":[0.2428989856],"iteration":797,"passed_time":4.274743334,"remaining_time":1.082077887},
{"learn":[0.2425974256],"iteration":798,"passed_time":4.279490272,"remaining_time":1.07656764},
{"learn":[0.2424490612],"iteration":799,"passed_time":4.284505181,"remaining_time":1.071126295},
{"learn":[0.242248942],"iteration":800,"passed_time":4.288709222,"remaining_time":1.065484563},
{"learn":[0.2420212392],"iteration":801,"passed_time":4.293918577,"remaining_time":1.060094611},
{"learn":[0.2415932682],"iteration":802,"passed_time":4.298462774,"remaining_time":1.054541926},
{"learn":[0.2414729174],"iteration":803,"passed_time":4.303126812,"remaining_time":1.049020964},
{"learn":[0.2412787271],"iteration":804,"passed_time":4.30890249,"remaining_time":1.043771411},
{"learn":[0.2409249978],"iteration":805,"passed_time":4.313083704,"remaining_time":1.038136772},
{"learn":[0.2406280511],"iteration":806,"passed_time":4.317331985,"remaining_time":1.032521776},
{"learn":[0.2404000738],"iteration":807,"passed_time":4.321270281,"remaining_time":1.026836502},
{"learn":[0.2402770318],"iteration":808,"passed_time":4.326632949,"remaining_time":1.021491833},
{"learn":[0.2401495945],"iteration":809,"passed_time":4.330956341,"remaining_time":1.015903339},
{"learn":[0.2400312643],"iteration":810,"passed_time":4.335162861,"remaining_time":1.010290728},
{"learn":[0.2399065029],"iteration":811,"passed_time":4.339690366,"remaining_time":1.004755898},
{"learn":[0.2396427269],"iteration":812,"passed_time":4.34469773,"remaining_time":0.9993339182},
{"learn":[0.2395019885],"iteration":813,"passed_time":4.349101178,"remaining_time":0.993774962},
{"learn":[0.2392774602],"iteration":814,"passed_time":4.353540334,"remaining_time":0.9882269471},
{"learn":[0.2391071358],"iteration":815,"passed_time":4.359024108,"remaining_time":0.9829172009},
{"learn":[0.2388851598],"iteration":816,"passed_time":4.36354949,"remaining_time":0.9773923582},
{"learn":[0.2387748736],"iteration":817,"passed_time":4.367833695,"remaining_time":0.9718162989},
{"learn":[0.2385796624],"iteration":818,"passed_time":4.373344531,"remaining_time":0.9665144813},
{"learn":[0.2384823457],"iteration":819,"passed_time":4.378472258,"remaining_time":0.9611280567},
{"learn":[0.238366049],"iteration":820,"passed_time":4.383012471,"remaining_time":0.9556141685},
{"learn":[0.2381846086],"iteration":821,"passed_time":4.3873112,"remaining_time":0.9500503572},
{"learn":[0.2379463642],"iteration":822,"passed_time":4.392108446,"remaining_time":0.9445968347},
{"learn":[0.2377970246],"iteration":823,"passed_time":4.396657914,"remaining_time":0.9390919816},
{"learn":[0.2375563602],"iteration":824,"passed_time":4.400610831,"remaining_time":0.9334629036},
{"learn":[0.2374889374],"iteration":825,"passed_time":4.406067583,"remaining_time":0.9281546725},
{"learn":[0.2373392784],"iteration":826,"passed_time":4.410772484,"remaining_time":0.9226888025},
{"learn":[0.2372258293],"iteration":827,"passed_time":4.415316925,"remaining_time":0.9171914386},
{"learn":[0.2370178783],"iteration":828,"passed_time":4.420084837,"remaining_time":0.9117424694},
{"learn":[0.2367720174],"iteration":829,"passed_time":4.4255055,"remaining_time":0.9064288374},
{"learn":[0.2366750464],"iteration":830,"passed_time":4.430250655,"remaining_time":0.90097757},
{"learn":[0.2364496581],"iteration":831,"passed_time":4.434814369,"remaining_time":0.8954913629},
{"learn":[0.2362802744],"iteration":832,"passed_time":4.43993466,"remaining_time":0.8901189534},
{"learn":[0.2360060513],"iteration":833,"passed_time":4.44573797,"remaining_time":0.8848830971},
{"learn":[0.2357672054],"iteration":834,"passed_time":4.451226033,"remaining_time":0.8795835873},
{"learn":[0.2356516397],"iteration":835,"passed_time":4.456904532,"remaining_time":0.8743209848},
{"learn":[0.2354946056],"iteration":836,"passed_time":4.461321708,"remaining_time":0.8688117544},
{"learn":[0.2353265717],"iteration":837,"passed_time":4.466802758,"remaining_time":0.8635107957},
{"learn":[0.2351188959],"iteration":838,"passed_time":4.472156564,"remaining_time":0.8581849903},
{"learn":[0.2349541054],"iteration":839,"passed_time":4.476590605,"remaining_time":0.8526839248},
{"learn":[0.234749946],"iteration":840,"passed_time":4.480609871,"remaining_time":0.8471069791},
{"learn":[0.2345977515],"iteration":841,"passed_time":4.486114708,"remaining_time":0.8418124987},
{"learn":[0.2344338872],"iteration":842,"passed_time":4.491968305,"remaining_time":0.836582472},
{"learn":[0.2342941713],"iteration":843,"passed_time":4.496271243,"remaining_time":0.831064353},
{"learn":[0.2342063471],"iteration":844,"passed_time":4.500748152,"remaining_time":0.825581022},
{"learn":[0.2339481343],"iteration":845,"passed_time":4.505440671,"remaining_time":0.8201393184},
{"learn":[0.2338258129],"iteration":846,"passed_time":4.509470194,"remaining_time":0.8145796219},
{"learn":[0.2337137255],"iteration":847,"passed_time":4.513427159,"remaining_time":0.8090105285},
{"learn":[0.2334836856],"iteration":848,"passed_time":4.519007938,"remaining_time":0.8037340385},
{"learn":[0.233374821],"iteration":849,"passed_time":4.523138998,"remaining_time":0.7982009996},
{"learn":[0.2331950263],"iteration":850,"passed_time":4.527081146,"remaining_time":0.7926381795},
{"learn":[0.2330858966],"iteration":851,"passed_time":4.531837645,"remaining_time":0.7872206238},
{"learn":[0.2329677844],"iteration":852,"passed_time":4.536482176,"remaining_time":0.7817853223},
{"learn":[0.2328063551],"iteration":853,"passed_time":4.540463803,"remaining_time":0.7762385425},
{"learn":[0.2326095331],"iteration":854,"passed_time":4.545229483,"remaining_time":0.7708283918},
{"learn":[0.2323810453],"iteration":855,"passed_time":4.550301908,"remaining_time":0.765471349},
{"learn":[0.232235263],"iteration":856,"passed_time":4.554385312,"remaining_time":0.7599499412},
{"learn":[0.2321126819],"iteration":857,"passed_time":4.558896569,"remaining_time":0.7545026956},
{"learn":[0.2319580545],"iteration":858,"passed_time":4.56407306,"remaining_time":0.7491668236},
{"learn":[0.2318207836],"iteration":859,"passed_time":4.56834915,"remaining_time":0.7436847453},
{"learn":[0.2317160063],"iteration":860,"passed_time":4.572636607,"remaining_time":0.7382073036},
{"learn":[0.2314973901],"iteration":861,"passed_time":4.577170921,"remaining_time":0.7327721427},
{"learn":[0.2311329939],"iteration":862,"passed_time":4.582152422,"remaining_time":0.72741006},
{"learn":[0.2309205383],"iteration":863,"passed_time":4.586912408,"remaining_time":0.7220139901},
{"learn":[0.2306588049],"iteration":864,"passed_time":4.592087901,"remaining_time":0.7166842389},
{"learn":[0.2305111076],"iteration":865,"passed_time":4.59651479,"remaining_time":0.711239009},
{"learn":[0.2302949342],"iteration":866,"passed_time":4.600880106,"remaining_time":0.7057866829},
{"learn":[0.2301839411],"iteration":867,"passed_time":4.605581768,"remaining_time":0.7003880107},
{"learn":[0.2300806219],"iteration":868,"passed_time":4.609609015,"remaining_time":0.6948892761},
{"learn":[0.2299750444],"iteration":869,"passed_time":4.614538384,"remaining_time":0.6895287241},
{"learn":[0.2298104916],"iteration":870,"passed_time":4.618862827,"remaining_time":0.6840795691},
{"learn":[0.2296397899],"iteration":871,"passed_time":4.623182303,"remaining_time":0.6786322646},
{"learn":[0.2294398776],"iteration":872,"passed_time":4.627283189,"remaining_time":0.6731557445},
{"learn":[0.2293410564],"iteration":873,"passed_time":4.632255465,"remaining_time":0.6678079961},
{"learn":[0.2291294728],"iteration":874,"passed_time":4.637110953,"remaining_time":0.6624444218},
{"learn":[0.2288839593],"iteration":875,"passed_time":4.641177582,"remaining_time":0.6569703426},
{"learn":[0.22865924],"iteration":876,"passed_time":4.651338464,"remaining_time":0.6523541974},
{"learn":[0.2285474569],"iteration":877,"passed_time":4.655358339,"remaining_time":0.6468721155},
{"learn":[0.2284133085],"iteration":878,"passed_time":4.659772007,"remaining_time":0.6414475687},
{"learn":[0.2282399042],"iteration":879,"passed_time":4.665033287,"remaining_time":0.6361409028},
{"learn":[0.2280643139],"iteration":880,"passed_time":4.669365022,"remaining_time":0.6307087827},
{"learn":[0.2278880655],"iteration":881,"passed_time":4.673654575,"remaining_time":0.6252735146},
{"learn":[0.227666318],"iteration":882,"passed_time":4.679762264,"remaining_time":0.6200817496},
{"learn":[0.2274516961],"iteration":883,"passed_time":4.684938023,"remaining_time":0.6147656229},
{"learn":[0.2272520403],"iteration":884,"passed_time":4.689503786,"remaining_time":0.6093705485},
{"learn":[0.2271817231],"iteration":885,"passed_time":4.694981183,"remaining_time":0.6040946443},
{"learn":[0.2269648237],"iteration":886,"passed_time":4.70168944,"remaining_time":0.5989750921},
{"learn":[0.2267438619],"iteration":887,"passed_time":4.707506556,"remaining_time":0.5937395656},
{"learn":[0.2266013496],"iteration":888,"passed_time":4.71480735,"remaining_time":0.5886879818},
{"learn":[0.2263055592],"iteration":889,"passed_time":4.720618219,"remaining_time":0.5834471956},
{"learn":[0.2262128521],"iteration":890,"passed_time":4.728153579,"remaining_time":0.5784160944},
{"learn":[0.2260482521],"iteration":891,"passed_time":4.734028144,"remaining_time":0.5731782954},
{"learn":[0.2258691844],"iteration":892,"passed_time":4.739651156,"remaining_time":0.5679089292},
{"learn":[0.2257362183],"iteration":893,"passed_time":4.745313417,"remaining_time":0.5626434252},
{"learn":[0.2254701518],"iteration":894,"passed_time":4.750876426,"remaining_time":0.5573653908},
{"learn":[0.2252674725],"iteration":895,"passed_time":4.756401579,"remaining_time":0.5520823261},
{"learn":[0.2250818825],"iteration":896,"passed_time":4.761872786,"remaining_time":0.5467925273},
{"learn":[0.2248956137],"iteration":897,"passed_time":4.767300185,"remaining_time":0.5414973484},
{"learn":[0.2247991857],"iteration":898,"passed_time":4.773491506,"remaining_time":0.5362876998},
{"learn":[0.2246621926],"iteration":899,"passed_time":4.779451328,"remaining_time":0.5310501476},
{"learn":[0.2242310109],"iteration":900,"passed_time":4.785647202,"remaining_time":0.525836929},
{"learn":[0.2239439502],"iteration":901,"passed_time":4.792747543,"remaining_time":0.5207197995},
{"learn":[0.2238864446],"iteration":902,"passed_time":4.799066398,"remaining_time":0.5155143307},
{"learn":[0.2237384853],"iteration":903,"passed_time":4.805961877,"remaining_time":0.510367633},
{"learn":[0.2235234937],"iteration":904,"passed_time":4.811782237,"remaining_time":0.5051042128},
{"learn":[0.2233337466],"iteration":905,"passed_time":4.817412609,"remaining_time":0.4998198512},
{"learn":[0.223099727],"iteration":906,"passed_time":4.82290497,"remaining_time":0.4945205757},
{"learn":[0.2229596219],"iteration":907,"passed_time":4.828700324,"remaining_time":0.4892515747},
{"learn":[0.2227905475],"iteration":908,"passed_time":4.833927354,"remaining_time":0.4839245205},
{"learn":[0.2226587904],"iteration":909,"passed_time":4.840199864,"remaining_time":0.4787010854},
{"learn":[0.2224712084],"iteration":910,"passed_time":4.845555516,"remaining_time":0.4733857749},
{"learn":[0.2223239559],"iteration":911,"passed_time":4.850600781,"remaining_time":0.4680404263},
{"learn":[0.2221974924],"iteration":912,"passed_time":4.856238913,"remaining_time":0.4627522294},
{"learn":[0.2220349797],"iteration":913,"passed_time":4.861470577,"remaining_time":0.4574250215},
{"learn":[0.2219309082],"iteration":914,"passed_time":4.866458559,"remaining_time":0.4520753852},
{"learn":[0.2217579975],"iteration":915,"passed_time":4.872234675,"remaining_time":0.446798813},
{"learn":[0.2215549608],"iteration":916,"passed_time":4.876882857,"remaining_time":0.4414190591},
{"learn":[0.221385088],"iteration":917,"passed_time":4.88147669,"remaining_time":0.4360360442},
{"learn":[0.2212490194],"iteration":918,"passed_time":4.88624887,"remaining_time":0.4306704662},
{"learn":[0.2210954299],"iteration":919,"passed_time":4.891554024,"remaining_time":0.4253525238},
{"learn":[0.2209925345],"iteration":920,"passed_time":4.896048107,"remaining_time":0.4199650385},
{"learn":[0.2208566804],"iteration":921,"passed_time":4.900789238,"remaining_time":0.4146003911},
{"learn":[0.2206112536],"iteration":922,"passed_time":4.90647742,"remaining_time":0.4093161011},
{"learn":[0.2204623918],"iteration":923,"passed_time":4.91231972,"remaining_time":0.4040436133},
{"learn":[0.2202514211],"iteration":924,"passed_time":4.916988172,"remaining_time":0.3986747166},
{"learn":[0.2200933641],"iteration":925,"passed_time":4.922579893,"remaining_time":0.3933811146},
{"learn":[0.2199178692],"iteration":926,"passed_time":4.927514514,"remaining_time":0.3880351235},
{"learn":[0.2197717903],"iteration":927,"passed_time":4.932401179,"remaining_time":0.3826862984},
{"learn":[0.2196503541],"iteration":928,"passed_time":4.938547888,"remaining_time":0.3774347686},
{"learn":[0.2193968536],"iteration":929,"passed_time":4.943266272,"remaining_time":0.3720738054},
{"learn":[0.2192810711],"iteration":930,"passed_time":4.948053046,"remaining_time":0.3667192913},
{"learn":[0.219132469],"iteration":931,"passed_time":4.955046678,"remaining_time":0.3615270108},
{"learn":[0.2189647118],"iteration":932,"passed_time":4.960622804,"remaining_time":0.356229076},
{"learn":[0.2188763873],"iteration":933,"passed_time":4.965144463,"remaining_time":0.3508560327},
{"learn":[0.2187682934],"iteration":934,"passed_time":4.971053014,"remaining_time":0.3455812255},
{"learn":[0.2186659849],"iteration":935,"passed_time":4.975713088,"remaining_time":0.3402196983},
{"learn":[0.2184522355],"iteration":936,"passed_time":4.980496786,"remaining_time":0.3348679803},
{"learn":[0.2181300245],"iteration":937,"passed_time":4.986081205,"remaining_time":0.3295703995},
{"learn":[0.2180565983],"iteration":938,"passed_time":4.990426876,"remaining_time":0.3241917353},
{"learn":[0.2178797385],"iteration":939,"passed_time":4.994911724,"remaining_time":0.3188241526},
{"learn":[0.2177212324],"iteration":940,"passed_time":5.002378852,"remaining_time":0.3136454328},
{"learn":[0.2175472963],"iteration":941,"passed_time":5.007347193,"remaining_time":0.3083080012},
{"learn":[0.2173318695],"iteration":942,"passed_time":5.01209116,"remaining_time":0.3029577902},
{"learn":[0.217167852],"iteration":943,"passed_time":5.017397181,"remaining_time":0.2976422057},
{"learn":[0.2170392289],"iteration":944,"passed_time":5.021732887,"remaining_time":0.292270168},
{"learn":[0.2169100906],"iteration":945,"passed_time":5.026491241,"remaining_time":0.2869244471},
{"learn":[0.2167850214],"iteration":946,"passed_time":5.031317355,"remaining_time":0.2815837591},
{"learn":[0.2166253269],"iteration":947,"passed_time":5.036970651,"remaining_time":0.2762895294},
{"learn":[0.2164703968],"iteration":948,"passed_time":5.041468097,"remaining_time":0.2709324267},
{"learn":[0.2163505114],"iteration":949,"passed_time":5.046953616,"remaining_time":0.2656291377},
{"learn":[0.2161889039],"iteration":950,"passed_time":5.051915625,"remaining_time":0.2602984917},
{"learn":[0.2159947947],"iteration":951,"passed_time":5.056487928,"remaining_time":0.2549489712},
{"learn":[0.2157365976],"iteration":952,"passed_time":5.061608733,"remaining_time":0.2496281327},
{"learn":[0.2154595717],"iteration":953,"passed_time":5.067171225,"remaining_time":0.2443290109},
{"learn":[0.2152041153],"iteration":954,"passed_time":5.072465949,"remaining_time":0.2390167201},
{"learn":[0.2149685532],"iteration":955,"passed_time":5.077003867,"remaining_time":0.233669634},
{"learn":[0.2148885424],"iteration":956,"passed_time":5.082758197,"remaining_time":0.2283788949},
{"learn":[0.2146460217],"iteration":957,"passed_time":5.088595178,"remaining_time":0.2230908116},
{"learn":[0.2144882607],"iteration":958,"passed_time":5.093324172,"remaining_time":0.2177542138},
{"learn":[0.2143881369],"iteration":959,"passed_time":5.099273658,"remaining_time":0.2124697357},
{"learn":[0.2141953122],"iteration":960,"passed_time":5.103651025,"remaining_time":0.2071200728},
{"learn":[0.2140507472],"iteration":961,"passed_time":5.108280066,"remaining_time":0.2017823727},
{"learn":[0.2138577677],"iteration":962,"passed_time":5.115271591,"remaining_time":0.1965369147},
{"learn":[0.2137271861],"iteration":963,"passed_time":5.120266708,"remaining_time":0.1912132795},
{"learn":[0.2135340538],"iteration":964,"passed_time":5.124276816,"remaining_time":0.1858545995},
{"learn":[0.213421159],"iteration":965,"passed_time":5.129410579,"remaining_time":0.1805382605},
{"learn":[0.2132721429],"iteration":966,"passed_time":5.135094473,"remaining_time":0.175241073},
{"learn":[0.2131553327],"iteration":967,"passed_time":5.140440229,"remaining_time":0.1699319084},
{"learn":[0.2130292846],"iteration":968,"passed_time":5.145828936,"remaining_time":0.1646240423},
{"learn":[0.2129140106],"iteration":969,"passed_time":5.149914389,"remaining_time":0.1592757028},
{"learn":[0.2125966975],"iteration":970,"passed_time":5.154381658,"remaining_time":0.1539413677},
{"learn":[0.2125037232],"iteration":971,"passed_time":5.158378677,"remaining_time":0.1485952705},
{"learn":[0.2124209892],"iteration":972,"passed_time":5.163382281,"remaining_time":0.1432798783},
{"learn":[0.2123471659],"iteration":973,"passed_time":5.167942839,"remaining_time":0.1379532996},
{"learn":[0.2121893472],"iteration":974,"passed_time":5.171948052,"remaining_time":0.1326140526},
{"learn":[0.2120439344],"iteration":975,"passed_time":5.176353528,"remaining_time":0.1272873818},
{"learn":[0.2119179383],"iteration":976,"passed_time":5.181216056,"remaining_time":0.1219733565},
{"learn":[0.2117545168],"iteration":977,"passed_time":5.18584863,"remaining_time":0.1166550816},
{"learn":[0.2115666889],"iteration":978,"passed_time":5.190308183,"remaining_time":0.1113344963},
{"learn":[0.2114435948],"iteration":979,"passed_time":5.195544133,"remaining_time":0.1060315129},
{"learn":[0.2113491213],"iteration":980,"passed_time":5.200609874,"remaining_time":0.1007253696},
{"learn":[0.2111086119],"iteration":981,"passed_time":5.205629046,"remaining_time":0.09541886235},
{"learn":[0.2109576104],"iteration":982,"passed_time":5.211018928,"remaining_time":0.09011935073},
{"learn":[0.2108276016],"iteration":983,"passed_time":5.215505815,"remaining_time":0.0848049726},
{"learn":[0.2103352228],"iteration":984,"passed_time":5.220227185,"remaining_time":0.07949584546},
{"learn":[0.2102054871],"iteration":985,"passed_time":5.225074563,"remaining_time":0.07418969968},
{"learn":[0.2100662494],"iteration":986,"passed_time":5.229406643,"remaining_time":0.06887769641},
{"learn":[0.2098802893],"iteration":987,"passed_time":5.234171051,"remaining_time":0.06357292775},
{"learn":[0.2097937307],"iteration":988,"passed_time":5.239033718,"remaining_time":0.05827034469},
{"learn":[0.2096769494],"iteration":989,"passed_time":5.243871273,"remaining_time":0.05296839669},
{"learn":[0.209547947],"iteration":990,"passed_time":5.248805149,"remaining_time":0.04766826069},
{"learn":[0.2093949639],"iteration":991,"passed_time":5.254303203,"remaining_time":0.04237341293},
{"learn":[0.2092016767],"iteration":992,"passed_time":5.259819006,"remaining_time":0.03707828101},
{"learn":[0.2090449764],"iteration":993,"passed_time":5.264104264,"remaining_time":0.03177527725},
{"learn":[0.2088883108],"iteration":994,"passed_time":5.269839616,"remaining_time":0.02648160611},
{"learn":[0.2086858279],"iteration":995,"passed_time":5.276143986,"remaining_time":0.02118933328},
{"learn":[0.2085366672],"iteration":996,"passed_time":5.281153197,"remaining_time":0.01589113299},
{"learn":[0.2084066415],"iteration":997,"passed_time":5.285783677,"remaining_time":0.01059275286},
{"learn":[0.2081618431],"iteration":998,"passed_time":5.291352119,"remaining_time":0.005296648768},
{"learn":[0.2080241908],"iteration":999,"passed_time":5.296076072,"remaining_time":0}
]}